3.479062616825103760e-01,-1.329441308975219727e+00,1.352264881134033203e+00,2.174936056137084961e+00,1.506186723709106445e+00
-1.016731381416320801e+00,1.070399522781372070e+00,-1.063598275184631348e+00,-2.734200239181518555e+00,-1.543468117713928223e+00
-7.628363370895385742e-01,4.767666459083557129e-01,-2.166415929794311523e+00,-1.441043138504028320e+00,-1.770211815834045410e+00
7.652869224548339844e-01,-4.000412464141845703e+00,1.253042697906494141e+00,5.557641983032226562e+00,1.562229633331298828e+00
-2.252698183059692383e+00,3.453153371810913086e+00,-8.314538002014160156e-01,-6.724527359008789062e+00,-1.291138410568237305e+00
-1.772776722908020020e+00,9.383709430694580078e-01,-1.818387508392333984e+00,-7.446399331092834473e-01,-1.264984011650085449e+00
1.396143674850463867e+00,-3.791122913360595703e+00,1.199123382568359375e+00,5.322755336761474609e+00,1.223552227020263672e+00
-2.836342573165893555e+00,3.300773620605468750e+00,-7.015497684478759766e-01,-6.473114490509033203e+00,-1.088556647300720215e+00
-1.549713134765625000e+00,1.308354020118713379e+00,-1.768315911293029785e+00,-9.053396582603454590e-01,-1.299817800521850586e+00
1.095387697219848633e+00,-4.647325515747070312e+00,1.260518431663513184e+00,5.630490779876708984e+00,1.646324157714843750e+00
-2.515220165252685547e+00,4.099769115447998047e+00,-9.472811818122863770e-01,-6.730844974517822266e+00,-1.344415187835693359e+00
-1.836017370223999023e+00,1.106986880302429199e+00,-1.258998870849609375e+00,-6.875194907188415527e-01,-1.382088184356689453e+00
1.080614686012268066e+00,-5.056786537170410156e+00,1.523949027061462402e+00,5.770619869232177734e+00,1.483818888664245605e+00
-2.454031705856323242e+00,4.461289882659912109e+00,-1.153967022895812988e+00,-6.804265975952148438e+00,-1.323436737060546875e+00
-1.903885126113891602e+00,1.039788246154785156e+00,-1.294863820075988770e+00,-4.143837392330169678e-01,-1.414064645767211914e+00
1.174721002578735352e+00,-4.269077777862548828e+00,1.422919869422912598e+00,5.297218799591064453e+00,1.388165593147277832e+00
-2.574960708618164062e+00,3.710278034210205078e+00,-1.174888730049133301e+00,-6.377503395080566406e+00,-1.013393998146057129e+00
-2.061549663543701172e+00,9.733715653419494629e-01,-1.558068871498107910e+00,-5.781643986701965332e-01,-1.193750739097595215e+00
4.792109727859497070e-01,-4.310339927673339844e+00,1.885049581527709961e+00,4.815341472625732422e+00,1.558301448822021484e+00
-1.982978701591491699e+00,3.720030784606933594e+00,-1.195163011550903320e+00,-5.972845077514648438e+00,-1.339320421218872070e+00
-1.851023316383361816e+00,6.212096214294433594e-01,-1.643766403198242188e+00,-3.653762340545654297e-01,-1.333297371864318848e+00
-3.071160614490509033e-01,-4.729655265808105469e+00,2.140713453292846680e+00,5.055636882781982422e+00,2.067262887954711914e+00
-1.230558991432189941e+00,4.053799629211425781e+00,-1.539227604866027832e+00,-6.192763328552246094e+00,-1.691093325614929199e+00
-1.779840826988220215e+00,7.561998367309570312e-01,-1.708527565002441406e+00,-4.728673100471496582e-01,-1.295644879341125488e+00
-7.350665926933288574e-01,-5.571079254150390625e+00,2.465563774108886719e+00,4.965845584869384766e+00,2.299462795257568359e+00
-7.082450389862060547e-01,4.669104576110839844e+00,-1.876762032508850098e+00,-5.920268058776855469e+00,-1.927574276924133301e+00
-9.111040234565734863e-01,1.553663611412048340e+00,-1.676767706871032715e+00,-1.140410780906677246e+00,-1.606230735778808594e+00
-9.670667648315429688e-01,-6.007313251495361328e+00,2.868680477142333984e+00,4.892535686492919922e+00,2.348405361175537109e+00
-3.465399146080017090e-01,4.935529232025146484e+00,-2.045271158218383789e+00,-5.665403366088867188e+00,-2.287045478820800781e+00
-2.108143568038940430e+00,1.327403187751770020e+00,-1.620202660560607910e+00,-1.186644077301025391e+00,-1.508569002151489258e+00
-1.014960408210754395e+00,-6.322832584381103516e+00,2.858263969421386719e+00,4.758099555969238281e+00,2.600121021270751953e+00
-1.491374373435974121e-01,5.118976116180419922e+00,-2.105349302291870117e+00,-5.380568981170654297e+00,-2.397651433944702148e+00
-1.933598875999450684e+00,1.028834581375122070e+00,-1.679462075233459473e+00,-7.243792414665222168e-01,-1.294863939285278320e+00
-9.534639120101928711e-01,-6.717623233795166016e+00,2.686561584472656250e+00,4.802125453948974609e+00,2.738628387451171875e+00
-2.243606895208358765e-01,5.356043815612792969e+00,-2.405796527862548828e+00,-5.439186573028564453e+00,-2.006934404373168945e+00
-2.057474374771118164e+00,9.635991454124450684e-01,-1.247379660606384277e+00,-1.080664515495300293e+00,-9.813125133514404297e-01
-5.006018877029418945e-01,-6.524700164794921875e+00,2.535223245620727539e+00,4.696697235107421875e+00,2.728603124618530273e+00
-6.728979945182800293e-01,5.217651844024658203e+00,-2.009914875030517578e+00,-5.369287967681884766e+00,-2.105141878128051758e+00
-1.621434569358825684e+00,8.322061896324157715e-01,-1.330772161483764648e+00,-5.008875131607055664e-01,-1.220902681350708008e+00
-6.409888267517089844e-01,-6.265048503875732422e+00,2.454676866531372070e+00,4.644713401794433594e+00,2.751221418380737305e+00
-5.230821371078491211e-01,5.018198966979980469e+00,-1.998324871063232422e+00,-5.269731521606445312e+00,-2.119851589202880859e+00
-1.247623205184936523e+00,1.197639703750610352e+00,-1.467237949371337891e+00,-4.078583717346191406e-01,-1.397900104522705078e+00
-7.621673941612243652e-01,-6.080034732818603516e+00,2.662523269653320312e+00,4.659821987152099609e+00,2.360783815383911133e+00
-4.027773141860961914e-01,4.855565547943115234e+00,-2.003374338150024414e+00,-5.245204925537109375e+00,-2.137899637222290039e+00
-3.908484578132629395e-01,1.565402984619140625e+00,-1.831830978393554688e+00,-1.996480077505111694e-01,-1.390385031700134277e+00
-5.566616058349609375e-01,-5.976045131683349609e+00,2.607594490051269531e+00,4.616911888122558594e+00,2.285980463027954102e+00
-6.141088008880615234e-01,4.788277626037597656e+00,-2.122503042221069336e+00,-5.239605903625488281e+00,-1.991590738296508789e+00
5.352538824081420898e-01,2.539604187011718750e+00,-1.978572964668273926e+00,-4.874081909656524658e-01,-1.863719940185546875e+00
-8.564727306365966797e-01,-5.875097751617431641e+00,2.680061101913452148e+00,4.523345470428466797e+00,2.412800073623657227e+00
-4.452028870582580566e-01,4.760481834411621094e+00,-2.106452941894531250e+00,-5.286212921142578125e+00,-2.028479814529418945e+00
2.190007716417312622e-01,1.988899469375610352e+00,-2.044743537902832031e+00,-8.227271586656570435e-02,-1.577441692352294922e+00
-9.098959714174270630e-02,-4.463993072509765625e+00,2.367621660232543945e+00,3.972849845886230469e+00,1.801953315734863281e+00
-1.103766560554504395e+00,3.670379877090454102e+00,-1.742063522338867188e+00,-4.726652622222900391e+00,-1.797289609909057617e+00
2.790897786617279053e-01,1.440118908882141113e+00,-1.909890651702880859e+00,-9.011689573526382446e-02,-1.568333983421325684e+00
4.100933670997619629e-01,-3.441404581069946289e+00,2.000359058380126953e+00,3.406419515609741211e+00,1.752131104469299316e+00
-1.751754760742187500e+00,2.837032079696655273e+00,-1.495749711990356445e+00,-4.416107177734375000e+00,-1.389447927474975586e+00
5.709192156791687012e-01,1.366177201271057129e+00,-2.121751546859741211e+00,1.570006757974624634e-01,-1.660452723503112793e+00
1.986367106437683105e-01,-4.019619941711425781e+00,1.938670992851257324e+00,3.671301603317260742e+00,2.127422809600830078e+00
-1.598169445991516113e+00,3.411127805709838867e+00,-1.549293398857116699e+00,-4.764684200286865234e+00,-1.457172989845275879e+00
-2.226618230342864990e-01,3.551173210144042969e-01,-1.876891016960144043e+00,5.857565999031066895e-01,-1.609320640563964844e+00
8.809325098991394043e-01,7.441992163658142090e-01,1.438246250152587891e+00,8.210942745208740234e-01,1.727920055389404297e+00
-1.293358683586120605e+00,-1.067558765411376953e+00,-1.322112083435058594e+00,-1.246081709861755371e+00,-1.667488336563110352e+00
-2.888341188430786133e+00,-2.819355010986328125e+00,-7.856068015098571777e-01,6.071111559867858887e-01,-7.071216106414794922e-01
1.648043036460876465e+00,1.521341681480407715e+00,1.436671257019042969e+00,1.841106534004211426e+00,1.779907584190368652e+00
-3.002043962478637695e+00,-3.956821203231811523e+00,-8.723890185356140137e-01,-3.134665966033935547e+00,-1.492961883544921875e+00
-2.807843208312988281e+00,-2.637958526611328125e+00,-3.632166087627410889e-01,5.492699146270751953e-01,-9.002338647842407227e-01
1.379385828971862793e+00,1.352954387664794922e+00,1.412355184555053711e+00,1.785643815994262695e+00,1.787387013435363770e+00
-2.489055156707763672e+00,-3.954817295074462891e+00,-1.012248754501342773e+00,-2.809773445129394531e+00,-1.826060414314270020e+00
-2.413777828216552734e+00,-2.353375196456909180e+00,-9.852489233016967773e-01,8.343334794044494629e-01,-7.291266918182373047e-01
8.699633479118347168e-01,1.422449707984924316e+00,1.364018321037292480e+00,1.573491930961608887e+00,2.112815856933593750e+00
-1.902642607688903809e+00,-4.455186843872070312e+00,-1.077521562576293945e+00,-2.503813505172729492e+00,-1.886242032051086426e+00
-1.987403750419616699e+00,-2.144404649734497070e+00,-8.154942989349365234e-01,7.161003947257995605e-01,-1.026575326919555664e+00
5.935187339782714844e-01,1.333082199096679688e+00,1.617511153221130371e+00,1.905499219894409180e+00,1.802175879478454590e+00
-1.566887378692626953e+00,-4.781338214874267578e+00,-1.121608972549438477e+00,-2.731814861297607422e+00,-2.073835134506225586e+00
-1.901791095733642578e+00,-1.952737092971801758e+00,-1.138241171836853027e+00,6.408211588859558105e-01,-7.893602252006530762e-01
1.002428412437438965e+00,1.431166052818298340e+00,1.559473752975463867e+00,2.346634864807128906e+00,1.583879947662353516e+00
-2.062898874282836914e+00,-4.950250148773193359e+00,-1.001031994819641113e+00,-3.284168004989624023e+00,-1.752750873565673828e+00
-1.861161112785339355e+00,-1.752742409706115723e+00,-1.082887411117553711e+00,2.861045598983764648e-01,-9.408016204833984375e-01
8.220441937446594238e-01,1.173721671104431152e+00,1.212021589279174805e+00,2.364513874053955078e+00,2.132363319396972656e+00
-2.050111293792724609e+00,-4.605268478393554688e+00,-1.150640130043029785e+00,-3.436604976654052734e+00,-1.556038498878479004e+00
-1.589577555656433105e+00,-1.485836148262023926e+00,-9.579016566276550293e-01,1.404800415039062500e-01,-1.134636878967285156e+00
1.937196254730224609e-01,6.743414402008056641e-01,1.312111496925354004e+00,2.220894336700439453e+00,2.457766532897949219e+00
-1.447420001029968262e+00,-4.151298999786376953e+00,-8.863800764083862305e-01,-3.271792888641357422e+00,-2.342339992523193359e+00
-1.658946037292480469e+00,-1.319995164871215820e+00,-9.571666717529296875e-01,1.202031001448631287e-01,-1.258676767349243164e+00
-1.019781351089477539e+00,5.100360140204429626e-03,1.350768566131591797e+00,2.068243503570556641e+00,2.866935253143310547e+00
-2.798137068748474121e-01,-3.307587385177612305e+00,-1.197597622871398926e+00,-3.068574666976928711e+00,-2.448853015899658203e+00
-1.703046560287475586e+00,-1.231781840324401855e+00,-1.100218415260314941e+00,-1.012543737888336182e-01,-1.096191167831420898e+00
-1.922303676605224609e+00,-1.093763634562492371e-01,1.431774258613586426e+00,2.125818967819213867e+00,2.865768432617187500e+00
6.337949633598327637e-01,-3.315374135971069336e+00,-1.051559925079345703e+00,-3.080407142639160156e+00,-2.751968622207641602e+00
-1.834665179252624512e+00,-1.324842333793640137e+00,-1.462355017662048340e+00,-2.936116047203540802e-02,-7.326601147651672363e-01
-2.633801937103271484e+00,-4.813352599740028381e-02,1.791885495185852051e+00,2.198238849639892578e+00,2.264221668243408203e+00
1.531384229660034180e+00,-3.429167985916137695e+00,-1.560147643089294434e+00,-2.861106872558593750e+00,-2.353115797042846680e+00
-2.013316631317138672e+00,-1.405462503433227539e+00,-9.067480564117431641e-01,6.019437313079833984e-02,-1.172142624855041504e+00
-2.168239831924438477e+00,2.516269683837890625e-01,1.461194634437561035e+00,2.117296934127807617e+00,2.416139125823974609e+00
9.518800377845764160e-01,-3.670656204223632812e+00,-1.200636386871337891e+00,-2.782150506973266602e+00,-1.967392802238464355e+00
-1.928458809852600098e+00,-1.288379549980163574e+00,-1.059731245040893555e+00,-4.433831572532653809e-02,-9.522868394851684570e-01
-2.588032722473144531e+00,1.256720572710037231e-01,1.772038340568542480e+00,2.422065734863281250e+00,2.103770494461059570e+00
1.480374574661254883e+00,-3.394810914993286133e+00,-1.386988639831542969e+00,-3.008374214172363281e+00,-2.166881561279296875e+00
-2.385760307312011719e+00,-9.531624317169189453e-01,-1.288880944252014160e+00,-1.166942268610000610e-01,-6.361469626426696777e-01
-2.941441059112548828e+00,1.157682836055755615e-01,1.537935137748718262e+00,2.634411334991455078e+00,2.430057287216186523e+00
1.830324769020080566e+00,-3.394077062606811523e+00,-1.330046534538269043e+00,-3.243471622467041016e+00,-2.220818042755126953e+00
-2.283204793930053711e+00,-2.792144119739532471e-01,-1.057633757591247559e+00,-2.436759471893310547e-01,-8.158780336380004883e-01
-2.054867506027221680e+00,-6.625093817710876465e-01,1.434415459632873535e+00,2.525824546813964844e+00,2.082223415374755859e+00
1.039213895797729492e+00,-1.363344192504882812e+00,-1.065371036529541016e+00,-2.887043952941894531e+00,-2.113133907318115234e+00
-1.781072854995727539e+00,3.581689894199371338e-01,-1.000868082046508789e+00,-3.528699576854705811e-01,-1.291043281555175781e+00
-2.185375213623046875e+00,-7.570849657058715820e-01,1.532896876335144043e+00,2.564049482345581055e+00,1.937170743942260742e+00
1.155017852783203125e+00,-1.206819176673889160e+00,-9.171576499938964844e-01,-2.934369087219238281e+00,-2.136970996856689453e+00
-1.075713634490966797e+00,1.643942236900329590e+00,-1.520398736000061035e+00,-7.856824398040771484e-01,-1.348543524742126465e+00
-1.775699615478515625e+00,-9.729443788528442383e-01,1.259155273437500000e+00,2.523773193359375000e+00,2.064225673675537109e+00
7.734935879707336426e-01,-5.351042151451110840e-01,-1.021741509437561035e+00,-2.841871261596679688e+00,-1.950958251953125000e+00
-4.154755771160125732e-01,1.901666879653930664e+00,-1.312715291976928711e+00,-9.385395050048828125e-01,-1.433400154113769531e+00
-7.772853970527648926e-01,-6.072391271591186523e-01,9.082455635070800781e-01,2.316804885864257812e+00,1.588962554931640625e+00
-1.457545310258865356e-01,-8.083935976028442383e-01,-6.437289714813232422e-01,-2.699886083602905273e+00,-1.736657619476318359e+00
-2.935601472854614258e-01,1.614415049552917480e+00,-1.443205833435058594e+00,-5.057286024093627930e-01,-1.387708902359008789e+00
2.619995474815368652e-01,-3.542087972164154053e-01,7.375553250312805176e-01,2.074776649475097656e+00,1.558931827545166016e+00
-1.151172876358032227e+00,-4.563746452331542969e-01,-5.388180613517761230e-01,-2.678546667098999023e+00,-1.277170062065124512e+00
-3.201956450939178467e-01,9.214375019073486328e-01,-1.549918770790100098e+00,4.014609158039093018e-01,-1.624274253845214844e+00
8.125376701354980469e-01,-1.282648295164108276e-01,6.548840999603271484e-01,1.728036165237426758e+00,1.461825728416442871e+00
-1.606118202209472656e+00,-4.327163398265838623e-01,-3.609916567802429199e-01,-2.384897232055664062e+00,-1.319992303848266602e+00
-6.443269252777099609e-01,8.656037449836730957e-01,-1.572691559791564941e+00,4.203369915485382080e-01,-1.170150637626647949e+00
3.011774420738220215e-01,-2.859936282038688660e-02,2.201668024063110352e+00,-4.160924255847930908e-02,1.262154340744018555e+00
-4.952043294906616211e-01,-2.003420293331146240e-01,-2.187347888946533203e+00,-2.042658776044845581e-01,-1.389597058296203613e+00
-8.339247703552246094e-01,-3.089760303497314453e+00,-1.773578524589538574e+00,2.017753601074218750e+00,-1.097112774848937988e+00
4.553898572921752930e-01,8.562353849411010742e-01,2.363641023635864258e+00,-3.153204321861267090e-01,1.635115981101989746e+00
-9.770832657814025879e-01,-1.338064908981323242e+00,-2.260997772216796875e+00,-3.936080932617187500e-01,-1.294072866439819336e+00
-8.339303135871887207e-01,-3.062003850936889648e+00,-1.561036348342895508e+00,1.995381832122802734e+00,-1.254894256591796875e+00
3.796016275882720947e-01,1.022816658020019531e+00,2.339861631393432617e+00,-4.494009912014007568e-01,1.535085558891296387e+00
-7.899286746978759766e-01,-1.569289326667785645e+00,-2.098392009735107422e+00,-1.403220295906066895e-01,-1.696119904518127441e+00
-9.913355708122253418e-01,-2.196282386779785156e+00,-1.348669052124023438e+00,1.157603740692138672e+00,-9.953914880752563477e-01
1.129484415054321289e+00,1.019660472869873047e+00,1.726822137832641602e+00,9.384089112281799316e-01,1.580368518829345703e+00
-2.070905923843383789e+00,-1.747348666191101074e+00,-1.732744097709655762e+00,-1.905883550643920898e+00,-9.882946610450744629e-01
-8.457546830177307129e-01,-2.134399414062500000e+00,-1.073299050331115723e+00,1.068839788436889648e+00,-1.090458393096923828e+00
1.338746070861816406e+00,5.199996829032897949e-01,1.925214290618896484e+00,1.361724853515625000e+00,1.272600293159484863e+00
-2.513342142105102539e+00,-1.253231167793273926e+00,-1.434770941734313965e+00,-2.500148296356201172e+00,-1.072583079338073730e+00
-1.044118285179138184e+00,-1.656798005104064941e+00,-8.778146505355834961e-01,2.203341424465179443e-01,-8.819598555564880371e-01
1.078401088714599609e+00,-9.527514129877090454e-02,1.934628367424011230e+00,1.828037023544311523e+00,1.351277709007263184e+00
-2.420397281646728516e+00,-1.175974607467651367e+00,-1.924841165542602539e+00,-2.950356960296630859e+00,-8.652096390724182129e-01
-7.203174233436584473e-01,-1.651326775550842285e+00,-8.492650389671325684e-01,4.030467197299003601e-02,-9.639325737953186035e-01
3.012922406196594238e-01,-1.373334228992462158e-01,2.007829427719116211e+00,1.679706811904907227e+00,1.839795947074890137e+00
-1.748947262763977051e+00,-1.890796661376953125e+00,-1.760745406150817871e+00,-2.804980039596557617e+00,-1.347570061683654785e+00
-3.161464929580688477e-01,-1.441573500633239746e+00,-1.236924529075622559e+00,-2.361012697219848633e-01,-8.202609419822692871e-01
1.314163058996200562e-01,1.014288235455751419e-02,1.834611177444458008e+00,1.430113554000854492e+00,1.863540410995483398e+00
-1.331296801567077637e+00,-1.746002674102783203e+00,-1.475426793098449707e+00,-2.339058399200439453e+00,-1.551873803138732910e+00
1.857770830392837524e-01,-7.490034103393554688e-01,-1.284919023513793945e+00,-4.125154912471771240e-01,-1.142425537109375000e+00
-2.073430866003036499e-01,-6.799144148826599121e-01,2.014559984207153320e+00,7.571669220924377441e-01,2.124793052673339844e+00
-1.286854505538940430e+00,-8.685390949249267578e-01,-1.382655858993530273e+00,-1.973165869712829590e+00,-1.888645052909851074e+00
1.583205610513687134e-01,-1.754815429449081421e-01,-1.083750605583190918e+00,-9.223561286926269531e-01,-1.198321223258972168e+00
-6.197294592857360840e-01,-1.503764510154724121e+00,2.019944429397583008e+00,8.649730682373046875e-01,2.325083494186401367e+00
-8.741658926010131836e-01,3.108318895101547241e-02,-1.726429581642150879e+00,-1.962387800216674805e+00,-1.752489328384399414e+00
-4.751899838447570801e-01,1.478225708007812500e+00,-1.036881327629089355e+00,-2.280531167984008789e+00,-1.181318640708923340e+00
-6.429327726364135742e-01,-1.530479073524475098e+00,2.008966922760009766e+00,2.732501924037933350e-01,2.087910413742065430e+00
-6.267437934875488281e-01,3.927083015441894531e-01,-1.579730868339538574e+00,-1.388713598251342773e+00,-1.567464351654052734e+00
-6.379206776618957520e-01,1.525125503540039062e+00,-1.063564181327819824e+00,-2.122060537338256836e+00,-1.060207366943359375e+00
-2.670901417732238770e-01,-7.931408882141113281e-01,1.998305082321166992e+00,5.067746341228485107e-02,1.735799193382263184e+00
-8.956896066665649414e-01,-6.576198339462280273e-01,-1.649159908294677734e+00,-1.109678983688354492e+00,-1.630901336669921875e+00
-9.246303439140319824e-01,1.292028307914733887e+00,-9.300453662872314453e-01,-2.245620012283325195e+00,-9.027565717697143555e-01
-5.474912934005260468e-03,-2.230346053838729858e-01,1.851270794868469238e+00,-2.531464695930480957e-01,1.946797370910644531e+00
-1.218730211257934570e+00,-1.043754816055297852e+00,-1.436188101768493652e+00,-1.128467202186584473e+00,-1.276566982269287109e+00
-1.445642471313476562e+00,6.279066801071166992e-01,-7.322134375572204590e-01,-1.865197896957397461e+00,-7.843224406242370605e-01
1.630136221647262573e-01,1.058952286839485168e-01,2.026150941848754883e+00,-7.018660306930541992e-01,1.995098829269409180e+00
-1.140310406684875488e+00,-1.437577128410339355e+00,-1.601318597793579102e+00,-6.055278182029724121e-01,-1.608115077018737793e+00
-1.631450772285461426e+00,-1.557188928127288818e-01,-4.121322929859161377e-01,-1.859943151473999023e+00,-7.896499037742614746e-01
1.222898587584495544e-01,3.503978848457336426e-01,1.850930809974670410e+00,-3.035447597503662109e-01,1.677045583724975586e+00
-1.016137480735778809e+00,-1.858206987380981445e+00,-1.719789505004882812e+00,-7.423563599586486816e-01,-1.359339356422424316e+00
-1.591192841529846191e+00,-2.678832411766052246e-01,-8.442357778549194336e-01,-1.643980264663696289e+00,-4.300976097583770752e-01
3.891780227422714233e-02,5.557091832160949707e-01,1.654123663902282715e+00,-9.160802513360977173e-02,1.552971959114074707e+00
-8.592582345008850098e-01,-2.190035581588745117e+00,-1.501282811164855957e+00,-7.852573990821838379e-01,-1.555040359497070312e+00
-1.281161308288574219e+00,-2.481100112199783325e-01,-8.064126372337341309e-01,-1.480272054672241211e+00,-6.894295811653137207e-01
2.916509211063385010e-01,1.111100912094116211e-01,1.815513491630554199e+00,-4.608876109123229980e-01,2.016063213348388672e+00
-1.320708870887756348e+00,-1.704600572586059570e+00,-1.674606323242187500e+00,-7.857775688171386719e-01,-1.410807132720947266e+00
-1.048726558685302734e+00,-3.534278869628906250e-01,-7.345157861709594727e-01,-1.420410752296447754e+00,-7.771003842353820801e-01
4.666450619697570801e-01,6.463534235954284668e-01,2.003364801406860352e+00,-7.735122442245483398e-01,1.999755263328552246e+00
-1.634847164154052734e+00,-3.476928949356079102e+00,-1.605115890502929688e+00,-8.510022163391113281e-01,-1.335299730300903320e+00
-1.035123109817504883e+00,-9.438200592994689941e-01,-8.849007487297058105e-01,-1.120457530021667480e+00,-7.889888286590576172e-01
1.071230888366699219e+00,1.054776668548583984e+00,1.857946991920471191e+00,-1.063103199005126953e+00,1.955614805221557617e+00
-2.094022512435913086e+00,-3.642652273178100586e+00,-1.704881429672241211e+00,-5.404269695281982422e-01,-1.303477406501770020e+00
-8.307411670684814453e-01,-1.617439270019531250e+00,-8.935354351997375488e-01,-7.518168687820434570e-01,-8.232303857803344727e-01
3.646096885204315186e-01,1.443204522132873535e+00,1.918611407279968262e+00,-1.844950914382934570e+00,2.310800790786743164e+00
-1.078753709793090820e+00,-3.972800254821777344e+00,-1.630027770996093750e+00,2.792239189147949219e-01,-1.518090248107910156e+00
-3.596862554550170898e-01,-2.544537067413330078e+00,-9.188316464424133301e-01,-2.869430482387542725e-01,-1.281796216964721680e+00
-1.336896419525146484e-01,-1.131793618202209473e+00,2.461130619049072266e+00,-3.675856888294219971e-01,1.246065974235534668e+00
3.511773049831390381e-02,9.784703850746154785e-01,-2.275035142898559570e+00,2.190814465284347534e-01,-1.546185851097106934e+00
-3.108152627944946289e+00,3.326157033443450928e-01,-1.220388263463973999e-01,-2.634729743003845215e-01,-3.592588901519775391e-01
3.769668564200401306e-02,-2.077041864395141602e+00,2.301386833190917969e+00,-1.134832054376602173e-01,1.717183709144592285e+00
-2.754126787185668945e-01,1.880128502845764160e+00,-2.179840326309204102e+00,-3.319734632968902588e-01,-1.794914245605468750e+00
-2.976283311843872070e+00,6.434683203697204590e-01,-3.321414887905120850e-01,-3.598497211933135986e-01,-2.528251111507415771e-01
3.579631447792053223e-01,-2.411581993103027344e+00,2.386390447616577148e+00,1.941741555929183960e-01,1.499273061752319336e+00
-6.467222571372985840e-01,2.207650661468505859e+00,-2.206849575042724609e+00,-7.043918967247009277e-01,-1.524045109748840332e+00
-3.671498537063598633e+00,1.141950845718383789e+00,-2.252801060676574707e-01,-1.100152730941772461e+00,8.544272184371948242e-02
5.392861962318420410e-01,-2.217436075210571289e+00,2.345021963119506836e+00,1.573394984006881714e-01,1.520376563072204590e+00
-8.249430060386657715e-01,2.036887168884277344e+00,-2.205954074859619141e+00,-6.789687275886535645e-01,-1.420537233352661133e+00
-3.610452413558959961e+00,1.543009281158447266e+00,-3.082897365093231201e-01,-1.185085177421569824e+00,8.000384271144866943e-02
1.026233434677124023e+00,-2.094129085540771484e+00,2.402436971664428711e+00,1.169665530323982239e-01,1.258099317550659180e+00
-1.351396560668945312e+00,1.939353346824645996e+00,-2.087036848068237305e+00,-7.462904453277587891e-01,-1.230572700500488281e+00
-3.422461271286010742e+00,1.811388134956359863e+00,-1.038725301623344421e-01,-1.227848887443542480e+00,-3.758594691753387451e-01
1.346928715705871582e+00,-1.965762495994567871e+00,2.221940994262695312e+00,1.517276465892791748e-01,1.353360652923583984e+00
-1.710635423660278320e+00,1.820890307426452637e+00,-2.029166460037231445e+00,-8.324117064476013184e-01,-1.233489036560058594e+00
-2.476596355438232422e+00,1.994370818138122559e+00,-3.282662630081176758e-01,-3.816796541213989258e-01,-5.411128997802734375e-01
1.322671413421630859e+00,-1.916822552680969238e+00,1.955984711647033691e+00,-2.432152330875396729e-01,1.695935606956481934e+00
-1.650370240211486816e+00,1.778015732765197754e+00,-2.093689441680908203e+00,-4.929662048816680908e-01,-1.198611021041870117e+00
-1.688577890396118164e+00,1.913503170013427734e+00,-6.525504589080810547e-01,4.387186169624328613e-01,-8.774643540382385254e-01
1.091775536537170410e+00,-1.592946887016296387e+00,1.881178855895996094e+00,-9.708049893379211426e-01,1.917008042335510254e+00
-1.266470909118652344e+00,1.459444403648376465e+00,-1.776759505271911621e+00,3.655891418457031250e-01,-1.875225305557250977e+00
-1.243220090866088867e+00,1.666960120201110840e+00,-1.220461130142211914e+00,1.241968512535095215e+00,-5.625508427619934082e-01
8.586665987968444824e-01,-1.449567317962646484e+00,2.105816841125488281e+00,-1.777033448219299316e+00,1.959602355957031250e+00
-9.730229377746582031e-01,1.318324923515319824e+00,-1.713070988655090332e+00,1.096722722053527832e+00,-2.030363798141479492e+00
-1.256943464279174805e+00,1.505348086357116699e+00,-9.627813100814819336e-01,1.585169076919555664e+00,-9.724895954132080078e-01
9.357477426528930664e-01,-1.650024771690368652e+00,1.974936008453369141e+00,-1.976526021957397461e+00,1.799199104309082031e+00
-1.077674627304077148e+00,1.510769486427307129e+00,-1.735801577568054199e+00,1.088027596473693848e+00,-1.740844964981079102e+00
-1.568669319152832031e+00,1.269464373588562012e+00,-9.028795361518859863e-01,1.547387480735778809e+00,-8.264228701591491699e-01
1.027937531471252441e+00,-1.665437698364257812e+00,1.897467613220214844e+00,-2.122961044311523438e+00,1.825871944427490234e+00
-1.250331759452819824e+00,1.498976945877075195e+00,-1.686813235282897949e+00,8.121759891510009766e-01,-1.481538414955139160e+00
-1.860442876815795898e+00,1.130173802375793457e+00,-1.035751461982727051e+00,1.412562251091003418e+00,-5.929549336433410645e-01
9.533799886703491211e-01,-1.538031935691833496e+00,1.685390114784240723e+00,-1.902175903320312500e+00,1.969581246376037598e+00
-1.191818833351135254e+00,1.358441233634948730e+00,-1.852824091911315918e+00,7.658418416976928711e-01,-1.294673681259155273e+00
-2.221111536026000977e+00,8.599356412887573242e-01,-4.187344312667846680e-01,1.016482710838317871e+00,-8.286261558532714844e-01
8.605144023895263672e-01,-1.253145456314086914e+00,1.870730757713317871e+00,-1.975547313690185547e+00,1.983066797256469727e+00
-1.148365259170532227e+00,1.060129165649414062e+00,-1.520295858383178711e+00,7.080802917480468750e-01,-1.610800743103027344e+00
-2.496098041534423828e+00,7.256622910499572754e-01,-5.681069493293762207e-01,8.382127285003662109e-01,-3.084166944026947021e-01
8.800431489944458008e-01,-1.227058053016662598e+00,2.174446821212768555e+00,-2.032112836837768555e+00,1.804933071136474609e+00
-1.259240031242370605e+00,1.008648633956909180e+00,-1.860947251319885254e+00,5.294488668441772461e-01,-1.213299870491027832e+00
-2.445171833038330078e+00,6.041884422302246094e-01,-5.617899894714355469e-01,9.668586850166320801e-01,-6.406600475311279297e-01
6.083899140357971191e-01,-7.208655476570129395e-01,2.208297491073608398e+00,-2.150336503982543945e+00,1.795139551162719727e+00
-8.889567852020263672e-01,4.817927479743957520e-01,-1.660356283187866211e+00,9.870619773864746094e-01,-1.737314343452453613e+00
-2.309524536132812500e+00,5.481957793235778809e-01,-7.755219936370849609e-01,1.135580420494079590e+00,-7.705419063568115234e-01
5.289658904075622559e-01,4.171468317508697510e-02,2.078809499740600586e+00,-2.445289850234985352e+00,1.884808659553527832e+00
-7.899248600006103516e-01,-3.035379052162170410e-01,-1.814247488975524902e+00,1.215687990188598633e+00,-1.623736739158630371e+00
-2.032252311706542969e+00,6.416485905647277832e-01,-1.080267310142517090e+00,1.128027558326721191e+00,-6.439176201820373535e-01
4.317751526832580566e-01,3.311744630336761475e-01,2.133564949035644531e+00,-2.316033601760864258e+00,1.472949504852294922e+00
-6.555032134056091309e-01,-6.288185119628906250e-01,-1.711102008819580078e+00,1.361525177955627441e+00,-1.617429375648498535e+00
-1.846436500549316406e+00,6.256105303764343262e-01,-1.070170402526855469e+00,9.231956005096435547e-01,-7.480337619781494141e-01
1.131441146135330200e-01,4.605983495712280273e-01,2.030372381210327148e+00,-2.432060241699218750e+00,1.867291092872619629e+00
-3.243384659290313721e-01,-8.046197891235351562e-01,-1.988782286643981934e+00,1.504596590995788574e+00,-1.721022486686706543e+00
-1.481363654136657715e+00,5.790407657623291016e-01,-1.055793046951293945e+00,6.717794537544250488e-01,-6.325518488883972168e-01
-4.520611464977264404e-01,4.033516049385070801e-01,2.376352548599243164e+00,-2.663124084472656250e+00,1.771547913551330566e+00
2.764326333999633789e-01,-7.693508863449096680e-01,-2.190943479537963867e+00,1.845348477363586426e+00,-1.796423316001892090e+00
-1.700690507888793945e+00,4.447613954544067383e-01,-6.385166049003601074e-01,2.607087790966033936e-01,-8.279843330383300781e-01
-4.107313454151153564e-01,2.147873342037200928e-01,2.100210189819335938e+00,-2.516121864318847656e+00,2.203340053558349609e+00
1.742964237928390503e-01,-6.172611713409423828e-01,-2.165310859680175781e+00,1.563678741455078125e+00,-1.693574786186218262e+00
-1.390925645828247070e+00,2.204097956418991089e-01,-1.092686414718627930e+00,5.455548167228698730e-01,-7.038098573684692383e-01
1.465894222259521484e+00,9.954546689987182617e-01,1.604889988899230957e+00,1.257780313491821289e+00,5.693960189819335938e-01
-1.745280265808105469e+00,-1.224027752876281738e+00,-1.258446335792541504e+00,-1.542148113250732422e+00,-7.118237614631652832e-01
-1.146375298500061035e+00,-1.627047061920166016e+00,-1.086228489875793457e+00,5.346308350563049316e-01,-9.863463044166564941e-01
2.354192018508911133e+00,1.191489815711975098e+00,1.219748497009277344e+00,1.935768485069274902e+00,5.862418413162231445e-01
-3.067898035049438477e+00,-1.498902678489685059e+00,-1.162321805953979492e+00,-2.654849529266357422e+00,-3.755151629447937012e-01
-1.121546506881713867e+00,-2.767375469207763672e+00,-1.051592230796813965e+00,5.877084732055664062e-01,-7.095069289207458496e-01
2.915817499160766602e+00,9.265739321708679199e-01,8.954896926879882812e-01,1.935917973518371582e+00,6.336420774459838867e-01
-3.679405689239501953e+00,-1.150207877159118652e+00,-8.271860480308532715e-01,-2.719155073165893555e+00,-4.612902402877807617e-01
-1.394908070564270020e+00,-2.032203912734985352e+00,-7.815736532211303711e-01,5.334106683731079102e-01,-9.409279227256774902e-01
2.732656478881835938e+00,5.818576216697692871e-01,1.462104797363281250e+00,1.386417627334594727e+00,6.334828734397888184e-01
-3.497832298278808594e+00,-7.799645066261291504e-01,-1.305488824844360352e+00,-2.214263439178466797e+00,-5.258693099021911621e-01
-1.709796905517578125e+00,-1.866910338401794434e+00,-8.306245803833007812e-01,5.013745427131652832e-01,-8.544904589653015137e-01
2.454871654510498047e+00,3.284853696823120117e-01,1.347536802291870117e+00,9.029436707496643066e-01,1.146076202392578125e+00
-3.197846412658691406e+00,-5.205843448638916016e-01,-1.469453692436218262e+00,-1.765512108802795410e+00,-8.205571770668029785e-01
-1.797088980674743652e+00,-2.752818584442138672e+00,-1.089072227478027344e+00,5.648670792579650879e-01,-4.329635202884674072e-01
2.461787223815917969e+00,9.881417453289031982e-02,1.699232101440429688e+00,1.190095663070678711e+00,8.068599700927734375e-01
-3.241348981857299805e+00,-3.034262955188751221e-01,-1.227818846702575684e+00,-2.054761171340942383e+00,-1.032713294029235840e+00
-1.582908153533935547e+00,-3.224316596984863281e+00,-6.669362187385559082e-01,3.603309988975524902e-01,-9.213789105415344238e-01
1.965591907501220703e+00,-1.415954381227493286e-01,2.018840074539184570e+00,8.809742331504821777e-01,8.802048563957214355e-01
-2.732370376586914062e+00,-7.712309807538986206e-02,-1.657984852790832520e+00,-1.768427371978759766e+00,-1.011499643325805664e+00
-1.989544868469238281e+00,-3.176803588867187500e+00,-6.242718100547790527e-01,-4.543147385120391846e-01,-3.508914411067962646e-01
1.506747126579284668e+00,-3.239097297191619873e-01,1.919569492340087891e+00,5.221517086029052734e-01,1.332286596298217773e+00
-2.198189258575439453e+00,6.732021272182464600e-02,-1.677806496620178223e+00,-1.372861266136169434e+00,-1.324203014373779297e+00
-1.734522938728332520e+00,-2.910185813903808594e+00,-7.570456266403198242e-01,-1.075445190072059631e-01,-5.222661495208740234e-01
3.531448245048522949e-01,-4.863957464694976807e-01,1.966374397277832031e+00,-2.492641806602478027e-01,1.686746597290039062e+00
-7.708480358123779297e-01,1.956485956907272339e-01,-1.899336099624633789e+00,-3.736858069896697998e-01,-1.535702824592590332e+00
-8.323255777359008789e-01,-2.198535919189453125e+00,-9.259320497512817383e-01,1.712897717952728271e-01,-7.461357116699218750e-01
8.251546025276184082e-01,-5.489382147789001465e-01,1.704946398735046387e+00,-2.522329688072204590e-01,1.678004503250122070e+00
-1.407776236534118652e+00,2.781587839126586914e-01,-1.371588230133056641e+00,-6.603965163230895996e-01,-1.624949097633361816e+00
-8.997826278209686279e-02,-1.937516331672668457e+00,-1.217822313308715820e+00,2.751902043819427490e-01,-1.113453626632690430e+00
1.144644260406494141e+00,-4.461146593093872070e-01,1.558991074562072754e+00,-6.333665251731872559e-01,1.282547950744628906e+00
-1.657930135726928711e+00,2.324528545141220093e-01,-1.142453789710998535e+00,-3.673144280910491943e-01,-1.115873336791992188e+00
-5.673063993453979492e-01,-1.951340913772583008e+00,-8.676047921180725098e-01,-5.920215696096420288e-02,-9.873113036155700684e-01
1.191795706748962402e+00,-6.697368621826171875e-01,1.424791812896728516e+00,-6.453247666358947754e-01,1.282749295234680176e+00
-1.662623643875122070e+00,4.766377806663513184e-01,-1.244323015213012695e+00,-3.094246387481689453e-01,-1.123325705528259277e+00
-1.712603449821472168e+00,-2.564379930496215820e+00,-9.803728461265563965e-01,-1.062173917889595032e-01,-2.578434646129608154e-01
1.221917986869812012e+00,-8.028268218040466309e-01,1.602818846702575684e+00,-6.009525656700134277e-01,1.054296016693115234e+00
-1.619783163070678711e+00,6.172971129417419434e-01,-1.247396469116210938e+00,-2.324220687150955200e-01,-1.147940278053283691e+00
-2.335481643676757812e+00,-2.592667818069458008e+00,-6.339597105979919434e-01,-1.513264477252960205e-01,-2.775895893573760986e-01
1.378234863281250000e+00,-8.667687773704528809e-01,1.333677411079406738e+00,-7.334204912185668945e-01,1.417814970016479492e+00
-1.828941702842712402e+00,6.776080131530761719e-01,-9.393892288208007812e-01,-2.482295334339141846e-01,-1.386924147605895996e+00
-2.652483701705932617e+00,-3.024779081344604492e+00,-3.884666860103607178e-01,-5.380451083183288574e-01,-2.075010389089584351e-01
1.354673624038696289e+00,-7.878773212432861328e-01,1.411354780197143555e+00,-9.956532120704650879e-01,1.453552603721618652e+00
-1.774384498596191406e+00,6.030923724174499512e-01,-1.068246006965637207e+00,-4.284154251217842102e-02,-1.331540107727050781e+00
-2.609912395477294922e+00,-3.084801435470581055e+00,-4.180421829223632812e-01,-6.719463467597961426e-01,-3.922570347785949707e-01
1.125168919563293457e+00,-9.475644230842590332e-01,1.923907756805419922e+00,-1.159840464591979980e+00,1.276872634887695312e+00
-1.488774657249450684e+00,7.509073019027709961e-01,-1.567437648773193359e+00,1.700648814439773560e-01,-1.102454543113708496e+00
-2.051006793975830078e+00,-2.613157987594604492e+00,-5.581108927726745605e-01,-7.174555212259292603e-02,-5.529893636703491211e-01
1.067237496376037598e+00,-8.897547125816345215e-01,1.701969265937805176e+00,-1.157172083854675293e+00,1.358948469161987305e+00
-1.427657246589660645e+00,7.025932073593139648e-01,-1.552049636840820312e+00,1.449085325002670288e-01,-1.211386919021606445e+00
-1.695322275161743164e+00,-2.418704986572265625e+00,-9.597549438476562500e-01,5.740910172462463379e-01,-6.190906763076782227e-01
9.576961398124694824e-01,-8.949394226074218750e-01,1.804415702819824219e+00,-1.396982431411743164e+00,1.394386649131774902e+00
-1.241617918014526367e+00,7.142399549484252930e-01,-1.507573723793029785e+00,4.549097418785095215e-01,-1.388871192932128906e+00
-1.432032108306884766e+00,-2.332986354827880859e+00,-1.253394961357116699e+00,1.227008342742919922e+00,-7.304806113243103027e-01
9.403682351112365723e-01,-8.655060529708862305e-01,1.921974062919616699e+00,-1.730087995529174805e+00,1.419274568557739258e+00
-1.154164671897888184e+00,6.957626938819885254e-01,-1.729545593261718750e+00,8.387860655784606934e-01,-1.446841001510620117e+00
-1.478539228439331055e+00,-2.658511161804199219e+00,-1.157637119293212891e+00,1.562130451202392578e+00,-1.032059669494628906e+00
8.868034482002258301e-01,-9.103743433952331543e-01,1.846675515174865723e+00,-2.284698724746704102e+00,1.986814141273498535e+00
-1.097952604293823242e+00,7.368339300155639648e-01,-1.803292155265808105e+00,1.081889986991882324e+00,-1.564284086227416992e+00
-1.502735614776611328e+00,-3.680072784423828125e+00,-1.307445764541625977e+00,2.119191646575927734e+00,-1.195422053337097168e+00
2.331608772277832031e+00,2.362246036529541016e+00,1.080442905426025391e+00,6.865627765655517578e-01,5.083721876144409180e-01
-2.405518293380737305e+00,-2.540861606597900391e+00,-1.005688428878784180e+00,-7.742576003074645996e-01,-5.844997167587280273e-01
-2.316414117813110352e-01,4.845535457134246826e-01,-2.251821309328079224e-01,-8.326548337936401367e-01,6.361655145883560181e-02
2.774725437164306641e+00,3.029680252075195312e+00,1.100297927856445312e+00,1.004623532295227051e+00,9.511877596378326416e-02
-2.908578634262084961e+00,-3.318698406219482422e+00,-7.476955056190490723e-01,-1.159770131111145020e+00,-6.994152069091796875e-01
-1.706203669309616089e-01,5.849251747131347656e-01,-3.576496243476867676e-01,-9.955012202262878418e-01,2.192360535264015198e-02
2.712677001953125000e+00,3.075273990631103516e+00,8.371562957763671875e-01,1.447977662086486816e+00,4.192068055272102356e-02
-2.835491657257080078e+00,-3.385439157485961914e+00,-5.531921386718750000e-01,-1.580441117286682129e+00,-6.060900092124938965e-01
-1.735316365957260132e-01,5.660232901573181152e-01,-2.570317089557647705e-01,-1.378138422966003418e+00,3.242882788181304932e-01
2.610877275466918945e+00,3.251987457275390625e+00,9.173554778099060059e-01,1.595016360282897949e+00,-2.775916457176208496e-02
-2.726325273513793945e+00,-3.633785247802734375e+00,-8.353907465934753418e-01,-1.715480566024780273e+00,-3.130361735820770264e-01
-2.657347917556762695e-01,4.117188155651092529e-01,-1.654888242483139038e-01,-1.653007864952087402e+00,3.633609414100646973e-01
2.627755880355834961e+00,3.981693983078002930e+00,4.373312294483184814e-01,1.909680724143981934e+00,3.296841979026794434e-01
-2.747180461883544922e+00,-4.797869682312011719e+00,-6.628453135490417480e-01,-2.030799865722656250e+00,-2.208327353000640869e-01
-3.875368833541870117e-01,1.585179418325424194e-01,9.945857524871826172e-02,-1.800996899604797363e+00,4.252192676067352295e-01
2.361370086669921875e+00,3.934045553207397461e+00,5.612047910690307617e-01,2.023701429367065430e+00,1.301040351390838623e-01
-2.461904764175415039e+00,-4.674520492553710938e+00,-5.749096870422363281e-01,-2.124044895172119141e+00,-4.025853872299194336e-01
-5.647059082984924316e-01,-1.141583099961280823e-01,1.219724565744400024e-01,-1.902107000350952148e+00,2.896024286746978760e-01
2.025605678558349609e+00,3.394955873489379883e+00,4.637073278427124023e-01,2.059225320816040039e+00,3.061656057834625244e-01
-2.121531963348388672e+00,-4.075716018676757812e+00,-9.474604725837707520e-01,-2.148515462875366211e+00,-1.422892361879348755e-01
-7.192360758781433105e-01,-2.749363183975219727e-01,3.537656962871551514e-01,-1.845794677734375000e+00,1.310835182666778564e-01
1.754124402999877930e+00,3.568442344665527344e+00,4.951233863830566406e-01,1.997112035751342773e+00,3.283855020999908447e-01
-1.856294989585876465e+00,-5.445141792297363281e+00,-4.835109710693359375e-01,-2.085100889205932617e+00,-4.665992558002471924e-01
-7.922933697700500488e-01,-5.515031814575195312e-01,2.445167154073715210e-01,-1.620013117790222168e+00,3.309224545955657959e-01
1.141096949577331543e+00,2.652530670166015625e+00,3.315891623497009277e-01,1.685672402381896973e+00,4.483892917633056641e-01
-1.248847484588623047e+00,-3.338786840438842773e+00,-3.147248029708862305e-01,-1.772376298904418945e+00,-5.390573740005493164e-01
-8.606488108634948730e-01,-7.829664349555969238e-01,2.564721107482910156e-01,-1.677792429924011230e+00,3.907409310340881348e-01
9.290164709091186523e-01,1.866190433502197266e+00,-1.635212600231170654e-01,1.972342014312744141e+00,4.844843149185180664e-01
-1.098766922950744629e+00,-2.592785120010375977e+00,-1.127869039773941040e-01,-2.091671466827392578e+00,-2.669306993484497070e-01
-7.660314440727233887e-01,-5.832109451293945312e-01,6.644729524850845337e-02,-1.683302879333496094e+00,5.725842118263244629e-01
7.475525140762329102e-01,2.441523075103759766e+00,1.485252380371093750e-01,1.996473073959350586e+00,-2.814947962760925293e-01
-8.799538016319274902e-01,-3.382781267166137695e+00,-1.988126337528228760e-01,-2.088042020797729492e+00,-9.312279522418975830e-02
-7.847304940223693848e-01,-2.006949335336685181e-01,1.240609399974346161e-02,-1.704226374626159668e+00,4.762797951698303223e-01
1.057988405227661133e+00,1.124955534934997559e+00,4.962896108627319336e-01,1.613200306892395020e+00,-2.828227877616882324e-01
-1.246497273445129395e+00,-1.478554964065551758e+00,-6.620144098997116089e-02,-1.762460350990295410e+00,-1.660660803318023682e-01
-1.505228400230407715e+00,-2.518143355846405029e-01,4.288276135921478271e-01,-1.779008507728576660e+00,6.243569254875183105e-01
1.461991429328918457e+00,1.100678682327270508e+00,2.142611145973205566e-01,1.616422772407531738e+00,-2.308412641286849976e-01
-1.671524643898010254e+00,-1.364838242530822754e+00,-1.491571962833404541e-01,-1.807621121406555176e+00,-1.360232289880514145e-02
-2.026426553726196289e+00,-2.542943060398101807e-01,7.124176025390625000e-01,-1.982073187828063965e+00,8.810619711875915527e-01
1.707782983779907227e+00,6.450565457344055176e-01,-3.039393424987792969e-01,1.766876697540283203e+00,1.468559056520462036e-01
-1.961752057075500488e+00,-8.461604118347167969e-01,-3.132898509502410889e-01,-2.008430004119873047e+00,3.626348078250885010e-01
-2.411254167556762695e+00,-3.101890087127685547e-01,5.060428380966186523e-01,-2.309435129165649414e+00,1.010784029960632324e+00
1.676731228828430176e+00,2.240523844957351685e-01,6.534960120916366577e-04,1.598658800125122070e+00,-4.145402833819389343e-02
-1.959410786628723145e+00,-3.974614143371582031e-01,-3.488653153181076050e-02,-1.876756548881530762e+00,1.026199758052825928e-01
-2.152408361434936523e+00,-1.658071875572204590e-01,4.780079722404479980e-01,-2.052478075027465820e+00,6.339096426963806152e-01
1.415826797485351562e+00,-1.725355535745620728e-01,2.078422605991363525e-01,1.331818580627441406e+00,2.345723360776901245e-01
-1.654382467269897461e+00,8.415958844125270844e-03,-5.136646702885627747e-02,-1.570641994476318359e+00,-3.687567412853240967e-01
-1.829480648040771484e+00,3.066052794456481934e-01,5.099509954452514648e-01,-1.798761844635009766e+00,2.736372351646423340e-01
1.318802475929260254e+00,-2.394380569458007812e-01,4.405240714550018311e-01,8.838008046150207520e-01,2.743991278111934662e-02
-1.516713500022888184e+00,8.091907948255538940e-02,-6.217646598815917969e-01,-1.096797585487365723e+00,-1.297199279069900513e-01
-1.769878625869750977e+00,6.672933697700500488e-01,9.730301797389984131e-02,-1.561478018760681152e+00,4.774611592292785645e-01
1.374521851539611816e+00,-2.600618302822113037e-01,4.426198005676269531e-01,5.899332165718078613e-01,2.033172696828842163e-01
-1.611350774765014648e+00,1.025901809334754944e-01,-5.711749196052551270e-01,-8.771205544471740723e-01,-1.513325870037078857e-01
-1.638331532478332520e+00,7.552619576454162598e-01,5.731429159641265869e-02,-1.328710317611694336e+00,2.260622382164001465e-01
1.825436353683471680e+00,9.964544326066970825e-02,4.622646272182464600e-01,3.532539606094360352e-01,1.399877667427062988e-01
-2.083496809005737305e+00,-2.507192194461822510e-01,-1.910277456045150757e-01,-7.047800421714782715e-01,-5.266869068145751953e-01
-1.709127306938171387e+00,8.119778633117675781e-01,-8.460985869169235229e-02,-9.530114531517028809e-01,-4.297434911131858826e-02
2.090252161026000977e+00,2.290520817041397095e-01,4.036530256271362305e-01,3.753603100776672363e-01,2.607793509960174561e-01
-2.393270254135131836e+00,-3.713244497776031494e-01,-5.826585888862609863e-01,-7.927983403205871582e-01,5.758748203516006470e-02
-2.020065307617187500e+00,9.117298722267150879e-01,-1.029217615723609924e-01,-9.089276194572448730e-01,1.997372806072235107e-01
1.706277132034301758e+00,5.077410936355590820e-01,1.490862250328063965e+00,-1.183413386344909668e+00,1.222416996955871582e+00
-1.743929386138916016e+00,-6.081500649452209473e-01,-1.608607888221740723e+00,1.061817288398742676e+00,-1.112330913543701172e+00
5.770832300186157227e-01,3.413654267787933350e-01,-1.806222796440124512e+00,2.004312515258789062e+00,-1.121278047561645508e+00
1.819601655006408691e+00,7.027235627174377441e-01,1.819069743156433105e+00,-1.352647185325622559e+00,1.192447543144226074e+00
-1.868781924247741699e+00,-8.065929412841796875e-01,-2.015946865081787109e+00,1.168165802955627441e+00,-9.649045467376708984e-01
6.169686913490295410e-01,1.910294294357299805e-01,-1.711826801300048828e+00,1.531180977821350098e+00,-1.065858006477355957e+00
1.475331544876098633e+00,7.274289727210998535e-01,1.723154544830322266e+00,-1.227298140525817871e+00,9.938955307006835938e-01
-1.514132022857666016e+00,-8.339355587959289551e-01,-1.955755710601806641e+00,1.111259460449218750e+00,-1.025574088096618652e+00
6.711180806159973145e-01,1.244125664234161377e-01,-1.446448922157287598e+00,1.214622616767883301e+00,-9.061727523803710938e-01
1.714828014373779297e+00,7.765546441078186035e-01,1.249943733215332031e+00,-6.264026761054992676e-01,1.160634398460388184e+00
-1.766421437263488770e+00,-8.891848325729370117e-01,-1.698776841163635254e+00,5.216463208198547363e-01,-8.965436220169067383e-01
6.342450976371765137e-01,-6.587644666433334351e-02,-1.459803104400634766e+00,1.569830536842346191e+00,-1.085757970809936523e+00
1.863563179969787598e+00,8.019642829895019531e-01,1.176563620567321777e+00,-9.609457850456237793e-02,9.019265174865722656e-01
-1.927178978919982910e+00,-9.175662994384765625e-01,-1.439907550811767578e+00,-1.441754982806742191e-03,-6.928468346595764160e-01
5.549437403678894043e-01,-2.670494914054870605e-01,-1.608324885368347168e+00,2.148887157440185547e+00,-1.047590494155883789e+00
2.096168279647827148e+00,8.724589347839355469e-01,1.193021297454833984e+00,4.882953166961669922e-01,5.810060501098632812e-01
-2.181399583816528320e+00,-9.935281872749328613e-01,-8.757473826408386230e-01,-5.945097804069519043e-01,-8.968306183815002441e-01
3.807213902473449707e-01,-2.992091178894042969e-01,-1.586621642112731934e+00,2.103923797607421875e+00,-1.298065304756164551e+00
2.174399375915527344e+00,1.143461465835571289e+00,1.105448722839355469e+00,5.975217223167419434e-01,5.255039930343627930e-01
-2.271557092666625977e+00,-1.275594711303710938e+00,-1.224930644035339355e+00,-7.179651856422424316e-01,-5.624710917472839355e-01
1.498180031776428223e-01,-5.798825621604919434e-01,-1.578924059867858887e+00,2.169525861740112305e+00,-1.350685715675354004e+00
2.048926830291748047e+00,1.168398618698120117e+00,5.822623968124389648e-01,5.091887712478637695e-01,8.606229424476623535e-01
-2.142356872558593750e+00,-1.307008147239685059e+00,-7.532859444618225098e-01,-6.253616213798522949e-01,-7.180593609809875488e-01
2.788638509809970856e-02,-8.429730534553527832e-01,-1.525152087211608887e+00,2.478497982025146484e+00,-1.334513306617736816e+00
1.625608801841735840e+00,1.173719644546508789e+00,6.012403368949890137e-01,3.220776319503784180e-01,8.486582040786743164e-01
-1.710869789123535156e+00,-1.335384726524353027e+00,-4.097447097301483154e-01,-4.313831627368927002e-01,-1.121397614479064941e+00
-2.906436622142791748e-01,-1.019242525100708008e+00,-1.413711905479431152e+00,2.127505540847778320e+00,-1.250334262847900391e+00
1.234400987625122070e+00,8.808091878890991211e-01,2.037075906991958618e-01,5.822553634643554688e-01,8.153960108757019043e-01
-1.370535612106323242e+00,-1.089632034301757812e+00,-4.433124363422393799e-01,-7.332862019538879395e-01,-9.017788767814636230e-01
-6.131457686424255371e-01,-8.812699913978576660e-01,-1.661278605461120605e+00,1.477166295051574707e+00,-1.227567672729492188e+00
-1.073690176010131836e+00,-5.602440237998962402e-01,-2.300929784774780273e+00,-2.825581073760986328e+00,-2.290192604064941406e+00
-1.376588702201843262e+00,-1.103203058242797852e+00,-1.247097849845886230e+00,6.368153095245361328e-01,-1.261111974716186523e+00
-1.389055848121643066e+00,-1.102613449096679688e+00,-1.287115335464477539e+00,6.053007245063781738e-01,-9.911688566207885742e-01
1.186823725700378418e+00,1.549711823463439941e+00,7.024376988410949707e-01,-7.299212366342544556e-02,3.329280614852905273e-01
-1.282532334327697754e+00,-1.768988251686096191e+00,-5.249328017234802246e-01,-6.503119319677352905e-02,-4.365973770618438721e-01
-3.310008049011230469e-01,-2.680005550384521484e+00,-1.500144839286804199e+00,2.551110506057739258e+00,-1.199399113655090332e+00
1.766251564025878906e+00,1.282014489173889160e+00,3.281626999378204346e-01,2.224075794219970703e-01,-2.094768360257148743e-02
-1.893457651138305664e+00,-1.460056543350219727e+00,-2.330062091350555420e-01,-3.951192200183868408e-01,-2.159088551998138428e-01
-6.296560168266296387e-01,-2.913490295410156250e+00,-1.331574440002441406e+00,2.738099098205566406e+00,-1.166863322257995605e+00
1.676978349685668945e+00,1.256886243820190430e+00,2.850339412689208984e-01,1.626428961753845215e-02,1.306773126125335693e-01
-1.770441889762878418e+00,-1.417832136154174805e+00,-1.213713288307189941e-01,-1.510023623704910278e-01,-4.173102676868438721e-01
-1.040560483932495117e+00,-3.106241226196289062e+00,-1.522047042846679688e+00,2.523864746093750000e+00,-9.784256219863891602e-01
1.655200600624084473e+00,1.294866919517517090e+00,5.466297864913940430e-01,-2.176214903593063354e-01,-7.264474779367446899e-02
-1.727317571640014648e+00,-1.444574236869812012e+00,-2.856113016605377197e-01,1.002869606018066406e-01,-4.935630857944488525e-01
-7.082569599151611328e-01,-2.935031414031982422e+00,-1.333610177040100098e+00,2.669579267501831055e+00,-1.492407679557800293e+00
1.765791058540344238e+00,1.422098040580749512e+00,1.274296343326568604e-01,3.454425185918807983e-02,7.669629156589508057e-02
-1.828136205673217773e+00,-1.570205569267272949e+00,-3.764797449111938477e-01,-1.237584277987480164e-01,-3.541889190673828125e-01
-1.876160055398941040e-01,-2.427773714065551758e+00,-1.782481431961059570e+00,2.964986801147460938e+00,-1.533146262168884277e+00
2.357635498046875000e+00,1.948745131492614746e+00,2.502799928188323975e-01,4.143923819065093994e-01,-4.920733869075775146e-01
-2.433210611343383789e+00,-2.104216814041137695e+00,-1.923756450414657593e-01,-5.121244192123413086e-01,2.055969387292861938e-01
1.908460557460784912e-01,-2.373434543609619141e+00,-1.706642031669616699e+00,3.095837354660034180e+00,-1.819375753402709961e+00
2.674960374832153320e+00,2.137177228927612305e+00,-1.326168775558471680e-01,6.564314961433410645e-01,-3.651978373527526855e-01
-2.754590511322021484e+00,-2.289779186248779297e+00,7.418939471244812012e-02,-7.527126669883728027e-01,1.893548965454101562e-01
3.002605438232421875e-01,-3.241536140441894531e+00,-1.726818799972534180e+00,3.205749273300170898e+00,-1.727758288383483887e+00
2.608862876892089844e+00,2.003756284713745117e+00,-5.171070098876953125e-01,8.670113086700439453e-01,-2.516191303730010986e-01
-2.681884527206420898e+00,-2.150528669357299805e+00,-2.635266631841659546e-02,-9.501218199729919434e-01,4.793964326381683350e-01
2.853619754314422607e-01,-2.999269485473632812e+00,-1.770857095718383789e+00,3.077739000320434570e+00,-1.791962981224060059e+00
2.673588991165161133e+00,1.798125386238098145e+00,-3.267847299575805664e-01,1.083161115646362305e+00,-5.663154721260070801e-01
-2.752594709396362305e+00,-1.929732322692871094e+00,4.399632811546325684e-01,-1.169869542121887207e+00,2.662878930568695068e-01
4.531376063823699951e-01,-3.107433557510375977e+00,-1.681428194046020508e+00,3.228013992309570312e+00,-1.804034948348999023e+00
1.925250053405761719e+00,-1.417422771453857422e+00,1.558673977851867676e+00,-9.695959687232971191e-01,6.038111448287963867e-01
-1.940597295761108398e+00,1.332971215248107910e+00,-1.598493099212646484e+00,9.058554172515869141e-01,-7.458008527755737305e-01
1.498802304267883301e+00,-4.101245999336242676e-01,-1.024068593978881836e+00,-2.605789303779602051e-01,-7.468304038047790527e-01
2.072344779968261719e+00,-1.838199257850646973e+00,1.374477982521057129e+00,-1.284760713577270508e+00,9.506339430809020996e-01
-2.090936660766601562e+00,1.754028439521789551e+00,-1.581033468246459961e+00,1.166000008583068848e+00,-9.559014439582824707e-01
1.797217369079589844e+00,-2.667631506919860840e-01,-1.182782053947448730e+00,-1.296231299638748169e-01,-4.644333124160766602e-01
2.392891407012939453e+00,-2.209345579147338867e+00,1.294595360755920410e+00,-7.644869089126586914e-01,6.771651506423950195e-01
-2.413760900497436523e+00,2.124081850051879883e+00,-1.622838854789733887e+00,6.593127846717834473e-01,-5.599520802497863770e-01
2.140943050384521484e+00,-3.139235377311706543e-01,-1.027212738990783691e+00,-8.549401536583900452e-03,-8.337534666061401367e-01
2.832406759262084961e+00,-2.627699851989746094e+00,1.394238471984863281e+00,-3.699639737606048584e-01,5.710183978080749512e-01
-2.858575344085693359e+00,2.541028738021850586e+00,-1.213292002677917480e+00,2.488362640142440796e-01,-6.520324349403381348e-01
2.058722972869873047e+00,-3.700818121433258057e-01,-1.207629680633544922e+00,1.646458171308040619e-02,-6.136857867240905762e-01
3.032443284988403320e+00,-2.991753816604614258e+00,1.499382734298706055e+00,-4.832680523395538330e-01,4.697583317756652832e-01
-3.056689739227294922e+00,2.902658939361572266e+00,-1.582444548606872559e+00,3.333592712879180908e-01,-5.287985801696777344e-01
1.781353712081909180e+00,-9.472075700759887695e-01,-1.095930099487304688e+00,4.716227948665618896e-02,-5.287073254585266113e-01
3.032233953475952148e+00,-3.142316579818725586e+00,1.283896684646606445e+00,-6.958766579627990723e-01,6.011121273040771484e-01
-3.051140308380126953e+00,3.050007104873657227e+00,-1.564157128334045410e+00,5.388654470443725586e-01,-4.888792932033538818e-01
1.374997735023498535e+00,-1.500615119934082031e+00,-9.225797653198242188e-01,3.594578430056571960e-02,-7.008999586105346680e-01
2.965934276580810547e+00,-3.481477499008178711e+00,1.557840108871459961e+00,-1.382566571235656738e+00,7.914074063301086426e-01
-2.976962089538574219e+00,3.382559776306152344e+00,-1.369936466217041016e+00,1.177744269371032715e+00,-1.035705924034118652e+00
9.979963302612304688e-01,-1.542121291160583496e+00,-9.051342606544494629e-01,-1.920240819454193115e-01,-5.316272974014282227e-01
2.811156988143920898e+00,-3.605082511901855469e+00,1.209937572479248047e+00,-1.953832507133483887e+00,1.103055715560913086e+00
-2.817344188690185547e+00,3.500000476837158203e+00,-1.299095153808593750e+00,1.713369965553283691e+00,-9.689616560935974121e-01
5.730288624763488770e-01,-1.856166005134582520e+00,-6.862900853157043457e-01,-4.320333600044250488e-01,-5.918928980827331543e-01
2.582095146179199219e+00,-3.431446075439453125e+00,1.320279359817504883e+00,-2.458739042282104492e+00,7.117767333984375000e-01
-2.585979938507080078e+00,3.323551416397094727e+00,-1.096947908401489258e+00,2.204277276992797852e+00,-8.900856971740722656e-01
5.042890906333923340e-01,-2.061495542526245117e+00,-8.243566155433654785e-01,-1.617618352174758911e-01,-3.790629506111145020e-01
2.459903001785278320e+00,-3.031420230865478516e+00,7.433937191963195801e-01,-2.996571540832519531e+00,9.451966285705566406e-01
-2.464784145355224609e+00,2.928018569946289062e+00,-5.521337389945983887e-01,2.698932886123657227e+00,-9.701908826828002930e-01
1.064950585365295410e+00,-1.792117714881896973e+00,-1.004262089729309082e+00,1.095797896385192871e+00,-1.022570729255676270e+00
2.468185663223266602e+00,-2.569499969482421875e+00,7.176907658576965332e-01,-3.321155309677124023e+00,5.748296976089477539e-01
-2.473298549652099609e+00,2.470062494277954102e+00,-5.539495348930358887e-01,2.968416452407836914e+00,-7.524881958961486816e-01
1.652655005455017090e+00,-1.630069017410278320e+00,-2.007511615753173828e+00,2.995589971542358398e+00,-1.680150270462036133e+00
2.309604167938232422e+00,-2.248894929885864258e+00,9.790254235267639160e-01,-3.265755176544189453e+00,4.522243440151214600e-01
-2.318736076354980469e+00,2.158110857009887695e+00,-6.464227437973022461e-01,2.904181957244873047e+00,-7.363556623458862305e-01
1.075605034828186035e+00,-2.219403266906738281e+00,-8.427992463111877441e-01,4.369560778141021729e-01,-2.447472363710403442e-01
2.166730880737304688e+00,-1.726038694381713867e+00,9.928680658340454102e-01,-3.417717933654785156e+00,6.582773923873901367e-01
-2.178605079650878906e+00,1.639631390571594238e+00,-8.083404302597045898e-01,2.997282266616821289e+00,-7.917409539222717285e-01
4.677055180072784424e-01,-1.706240057945251465e+00,-4.097552895545959473e-01,-1.756891012191772461e-01,-1.255541741847991943e-01
1.941815495491027832e+00,-1.438949823379516602e+00,9.256307482719421387e-01,-3.431911468505859375e+00,6.899097561836242676e-01
-1.953956127166748047e+00,1.354255199432373047e+00,-1.059029698371887207e+00,3.042544841766357422e+00,-6.726343035697937012e-01
1.680525206029415131e-02,-1.044041037559509277e+00,-3.888573944568634033e-01,-6.387411355972290039e-01,1.530822366476058960e-01
1.824087023735046387e+00,-1.208441376686096191e+00,7.225254178047180176e-01,-2.725031137466430664e+00,4.990962147712707520e-01
-1.838408946990966797e+00,1.124538302421569824e+00,-5.557507872581481934e-01,2.484992980957031250e+00,-7.527288198471069336e-01
-1.408427674323320389e-02,-5.195522904396057129e-01,-1.478956341743469238e-01,-7.770996093750000000e-01,-1.424714177846908569e-01
1.582668304443359375e+00,-1.186224579811096191e+00,7.002754211425781250e-01,-2.249436378479003906e+00,2.104083150625228882e-01
-1.596516489982604980e+00,1.102368474006652832e+00,-6.076267361640930176e-01,2.103270292282104492e+00,-3.945260047912597656e-01
5.502454191446304321e-02,1.409545838832855225e-01,-4.049348831176757812e-02,-1.074775099754333496e+00,-2.507614195346832275e-01
1.194994211196899414e+00,-1.080783843994140625e+00,6.618698835372924805e-01,-2.258803844451904297e+00,4.517398178577423096e-01
-1.208170771598815918e+00,9.964889287948608398e-01,-9.482177495956420898e-01,2.122961044311523438e+00,-5.176766514778137207e-01
-6.749457120895385742e-02,6.038429737091064453e-01,-9.505410492420196533e-02,-1.447155237197875977e+00,-1.578083783388137817e-01
1.062498211860656738e+00,-8.477985858917236328e-01,9.288281202316284180e-01,-2.107340335845947266e+00,3.559271693229675293e-01
-1.076401829719543457e+00,7.628022432327270508e-01,-8.329823017120361328e-01,1.989187479019165039e+00,-5.047263503074645996e-01
-1.665081232786178589e-01,6.679601073265075684e-01,-3.156161010265350342e-01,-1.472573399543762207e+00,1.114594340324401855e-01
9.411827325820922852e-01,-5.463319420814514160e-01,8.335491418838500977e-01,-2.061324119567871094e+00,4.358116686344146729e-01
-9.534918665885925293e-01,4.599466919898986816e-01,-8.166208863258361816e-01,1.969887495040893555e+00,-5.833488106727600098e-01
-2.612147293984889984e-02,7.221491932868957520e-01,-1.624870300292968750e-01,-1.254175662994384766e+00,3.133653700351715088e-01
8.724060654640197754e-01,-3.491179645061492920e-01,5.330216288566589355e-01,-1.913534402847290039e+00,6.883502602577209473e-01
-8.847661018371582031e-01,2.609712481498718262e-01,-1.156330108642578125e+00,1.838865756988525391e+00,-3.351064920425415039e-01
7.806600071489810944e-03,8.540896177291870117e-01,-2.075759619474411011e-01,-1.263097524642944336e+00,2.424899041652679443e-01
5.401671528816223145e-01,1.254190444946289062e+00,1.002719640731811523e+00,4.896460771560668945e-01,5.016471147537231445e-01
-5.491022467613220215e-01,-1.368086457252502441e+00,-1.033790946006774902e+00,-4.991794526576995850e-01,-6.569632291793823242e-01
1.454690456390380859e+00,-1.262978315353393555e+00,-1.339773774147033691e+00,1.261417418718338013e-01,-1.041828036308288574e+00
9.050751924514770508e-01,1.438393235206604004e+00,7.096865773200988770e-01,4.992466866970062256e-01,5.066381096839904785e-01
-9.185881614685058594e-01,-1.559713363647460938e+00,-1.257184267044067383e+00,-5.131494402885437012e-01,-3.264198899269104004e-01
1.285796403884887695e+00,-1.294053077697753906e+00,-1.051517963409423828e+00,1.698531024158000946e-02,-1.166810870170593262e+00
1.140779614448547363e+00,1.695971727371215820e+00,7.893878817558288574e-01,4.212663769721984863e-01,4.499321877956390381e-01
-1.157718300819396973e+00,-1.822698235511779785e+00,-9.710233807563781738e-01,-4.380494654178619385e-01,-5.323882102966308594e-01
8.378145694732666016e-01,-1.382197380065917969e+00,-9.005533456802368164e-01,-3.635685741901397705e-01,-7.119889855384826660e-01
1.280114293098449707e+00,1.935728907585144043e+00,9.958019256591796875e-01,3.278371393680572510e-01,3.714651167392730713e-01
-1.299878001213073730e+00,-2.074256181716918945e+00,-1.053805947303771973e+00,-3.479436635971069336e-01,-3.793943822383880615e-01
8.773584961891174316e-01,-1.738335490226745605e+00,-4.541937708854675293e-01,-1.007496863603591919e-01,-1.451209902763366699e+00
1.526808857917785645e+00,2.140088319778442383e+00,8.849447965621948242e-01,2.688032090663909912e-01,6.131927371025085449e-01
-1.549950599670410156e+00,-2.284243345260620117e+00,-7.470358610153198242e-01,-2.933665513992309570e-01,-9.903349280357360840e-01
8.292529582977294922e-01,-1.855697393417358398e+00,-1.038065314292907715e+00,3.990078344941139221e-02,-9.874914884567260742e-01
1.596468925476074219e+00,2.421715021133422852e+00,1.056636810302734375e+00,1.435963436961174011e-02,3.643058538436889648e-01
-1.618984818458557129e+00,-2.571081161499023438e+00,-1.023191571235656738e+00,-4.033282771706581116e-02,-5.845923423767089844e-01
9.869351387023925781e-01,-2.186274528503417969e+00,-5.912151336669921875e-01,6.290214508771896362e-02,-1.547646641731262207e+00
1.835084795951843262e+00,2.703008174896240234e+00,7.875509262084960938e-01,-1.645286679267883301e-01,7.271816730499267578e-01
-1.858895778656005859e+00,-2.854097604751586914e+00,-1.346337556838989258e+00,1.349924504756927490e-01,-3.893430829048156738e-01
9.912058115005493164e-01,-2.618722438812255859e+00,-8.872153759002685547e-01,-1.290773153305053711e-01,-1.072543859481811523e+00
2.127427577972412109e+00,2.635404348373413086e+00,9.131935834884643555e-01,-4.826197028160095215e-01,4.833734035491943359e-01
-2.154192447662353516e+00,-2.780049562454223633e+00,-8.771511912345886230e-01,4.443700611591339111e-01,-7.620478272438049316e-01
6.589441895484924316e-01,-3.069746255874633789e+00,-1.035159111022949219e+00,-5.257411673665046692e-02,-7.696746587753295898e-01
2.170804262161254883e+00,2.645267963409423828e+00,5.029107332229614258e-01,-8.756948709487915039e-01,3.596391975879669189e-01
-2.195979356765747070e+00,-2.772437095642089844e+00,-3.803967237472534180e-01,8.299955129623413086e-01,-6.208763718605041504e-01
5.932227373123168945e-01,-3.111386299133300781e+00,-1.053437948226928711e+00,1.075367927551269531e-01,-1.041815638542175293e+00
2.132002353668212891e+00,2.536599397659301758e+00,3.205449581146240234e-01,-1.253520011901855469e+00,3.421398997306823730e-01
-2.155971050262451172e+00,-2.659461259841918945e+00,-2.957783043384552002e-01,1.194637298583984375e+00,-7.050988078117370605e-01
6.342557668685913086e-01,-2.216631174087524414e+00,-1.225234866142272949e+00,6.060337424278259277e-01,-1.150991320610046387e+00
1.901425957679748535e+00,2.511403560638427734e+00,1.276115924119949341e-01,-1.457634925842285156e+00,-4.174157604575157166e-02
-1.921190738677978516e+00,-2.626301050186157227e+00,-2.859857082366943359e-01,1.405678510665893555e+00,-1.241917610168457031e-01
9.909475445747375488e-01,-1.884382367134094238e+00,-1.389687061309814453e+00,1.065887093544006348e+00,-1.024695992469787598e+00
1.811570644378662109e+00,2.147597789764404297e+00,1.171298231929540634e-02,-1.405470013618469238e+00,2.682046294212341309e-01
-1.828817367553710938e+00,-2.254458665847778320e+00,-6.907191127538681030e-02,1.364837408065795898e+00,-2.937147617340087891e-01
1.138157248497009277e+00,-2.115613460540771484e+00,-1.252583265304565430e+00,1.363251209259033203e+00,-1.194090247154235840e+00
1.864678025245666504e+00,1.726792454719543457e+00,1.241245772689580917e-02,-1.292243242263793945e+00,2.748559713363647461e-01
-1.881923437118530273e+00,-1.825598120689392090e+00,-2.803617417812347412e-01,1.249578118324279785e+00,-3.295703828334808350e-01
1.191414475440979004e+00,-8.901196122169494629e-01,-1.385248899459838867e+00,1.262999415397644043e+00,-1.231610059738159180e+00
1.805218696594238281e+00,1.221109390258789062e+00,2.397022098302841187e-01,-1.309402108192443848e+00,9.417802840471267700e-02
-1.822595477104187012e+00,-1.314696788787841797e+00,-2.951913177967071533e-01,1.261527180671691895e+00,-2.221728116273880005e-01
7.275850772857666016e-01,6.506146788597106934e-01,-1.243290424346923828e+00,7.527463436126708984e-01,-1.352060556411743164e+00
1.763790130615234375e+00,1.045632839202880859e+00,1.274589300155639648e-01,-1.245039939880371094e+00,-2.676970697939395905e-02
-1.781394481658935547e+00,-1.138350963592529297e+00,-3.952288925647735596e-01,1.195055603981018066e+00,-7.178232073783874512e-02
5.154188275337219238e-01,5.957116484642028809e-01,-1.815648317337036133e+00,1.116961479187011719e+00,-1.070465207099914551e+00
1.581123590469360352e+00,7.970065474510192871e-01,9.109892696142196655e-02,-1.112030744552612305e+00,1.447186060249805450e-02
-1.596233248710632324e+00,-8.877355456352233887e-01,-1.839244514703750610e-01,1.072433114051818848e+00,-3.773419857025146484e-01
5.657729506492614746e-01,5.375104546546936035e-01,-1.615768313407897949e+00,9.580020308494567871e-01,-1.035031080245971680e+00
1.105590701103210449e+00,5.077489614486694336e-01,3.997021019458770752e-01,-1.137455582618713379e+00,-5.846555903553962708e-02
-1.115079164505004883e+00,-5.964906215667724609e-01,-4.923623502254486084e-01,1.111209273338317871e+00,-1.596209555864334106e-01
5.439779162406921387e-01,5.212483406066894531e-01,-1.647413492202758789e+00,1.162640571594238281e+00,-1.210935950279235840e+00
7.301010489463806152e-01,1.287811994552612305e-01,4.426106810569763184e-01,-1.291659951210021973e+00,1.206317171454429626e-01
-7.370738387107849121e-01,-2.164733111858367920e-01,-5.564730167388916016e-01,1.268626809120178223e+00,-2.403457909822463989e-01
6.581851840019226074e-01,6.302711963653564453e-01,-1.703086018562316895e+00,1.552811145782470703e+00,-1.422510623931884766e+00
3.685866594314575195e-01,-1.468327045440673828e-01,3.247269690036773682e-01,-1.261128544807434082e+00,1.421604603528976440e-01
-3.736340105533599854e-01,5.915888771414756775e-02,-7.164121866226196289e-01,1.244437932968139648e+00,-1.610262691974639893e-01
6.631628870964050293e-01,6.212003231048583984e-01,-1.596938252449035645e+00,1.553313136100769043e+00,-1.545459270477294922e+00
2.902437448501586914e-01,-2.809347212314605713e-01,6.828938722610473633e-01,-1.143377900123596191e+00,-9.619281627237796783e-03
-2.945499420166015625e-01,1.928081512451171875e-01,-7.007638216018676758e-01,1.130211353302001953e+00,-3.151488602161407471e-01
7.698459029197692871e-01,6.076897978782653809e-01,-1.803848981857299805e+00,1.854727864265441895e+00,-1.297587633132934570e+00
4.619944393634796143e-01,1.209194660186767578e+00,3.605937659740447998e-01,1.161661267280578613e+00,-1.796590089797973633e-01
-4.592031240463256836e-01,-1.301173686981201172e+00,-6.256759166717529297e-01,-1.164613604545593262e+00,2.832394540309906006e-01
4.340820312500000000e+00,3.089964687824249268e-01,-2.919410228729248047e+00,2.746044397354125977e+00,-2.859613180160522461e+00
7.137696743011474609e-01,1.675668716430664062e+00,3.207716941833496094e-01,1.535157799720764160e+00,-5.214545130729675293e-01
-7.134445309638977051e-01,-1.771493792533874512e+00,-2.221226394176483154e-01,-1.539200782775878906e+00,3.250932693481445312e-01
4.569632053375244141e+00,4.947957098484039307e-01,-2.877309322357177734e+00,3.041594743728637695e+00,-2.834079980850219727e+00
8.691055774688720703e-01,2.161363840103149414e+00,-3.291130065917968750e-01,1.810559988021850586e+00,-1.632002294063568115e-01
-8.710945844650268555e-01,-2.261722326278686523e+00,2.543441485613584518e-03,-1.815695405006408691e+00,1.687429547309875488e-01
4.844472885131835938e+00,4.877376854419708252e-01,-3.020503997802734375e+00,3.139853954315185547e+00,-2.864132404327392578e+00
8.767040371894836426e-01,2.497877120971679688e+00,-4.679708555340766907e-02,1.999343514442443848e+00,-5.408060550689697266e-01
-8.810910582542419434e-01,-2.603234767913818359e+00,7.419959455728530884e-02,-2.005923271179199219e+00,4.426196515560150146e-01
4.836788654327392578e+00,5.659639835357666016e-01,-3.294123411178588867e+00,3.213675260543823242e+00,-2.764143705368041992e+00
9.755181074142456055e-01,3.043709516525268555e+00,-1.263737082481384277e-01,2.305611610412597656e+00,-8.982551693916320801e-01
-9.834237098693847656e-01,-3.162244796752929688e+00,2.270081937313079834e-01,-2.315424442291259766e+00,6.585347056388854980e-01
4.584862709045410156e+00,6.693965792655944824e-01,-3.083814382553100586e+00,2.940502882003784180e+00,-2.754143476486206055e+00
1.024640917778015137e+00,3.647309064865112305e+00,-5.376324057579040527e-01,2.626994609832763672e+00,-6.413553953170776367e-01
-1.036160826683044434e+00,-3.789352178573608398e+00,3.729897737503051758e-01,-2.643357276916503906e+00,7.132464647293090820e-01
4.530610084533691406e+00,8.381867408752441406e-01,-2.889563798904418945e+00,2.548300504684448242e+00,-2.350142002105712891e+00
1.202505230903625488e+00,4.471598148345947266e+00,-7.023350000381469727e-01,3.084675788879394531e+00,-1.001707077026367188e+00
-1.216553568840026855e+00,-4.662879467010498047e+00,5.380895137786865234e-01,-3.114178657531738281e+00,7.705621719360351562e-01
4.258575439453125000e+00,7.906229496002197266e-01,-2.646693229675292969e+00,2.201413869857788086e+00,-2.505244731903076172e+00
1.536947965621948242e+00,5.935567855834960938e+00,-1.278913378715515137e+00,3.754521131515502930e+00,-1.240920066833496094e+00
-1.553681373596191406e+00,-6.350595474243164062e+00,1.171885132789611816e+00,-3.816293716430664062e+00,1.078964591026306152e+00
3.988348007202148438e+00,9.510613083839416504e-01,-2.875766038894653320e+00,1.904991865158081055e+00,-2.281877517700195312e+00
1.752409458160400391e+00,6.666388511657714844e+00,-1.710735559463500977e+00,4.332684993743896484e+00,-1.921688795089721680e+00
-1.769094586372375488e+00,-7.162591457366943359e+00,2.067515850067138672e+00,-4.437240600585937500e+00,1.364623427391052246e+00
4.524196624755859375e+00,9.656891226768493652e-01,-2.865150213241577148e+00,2.040071010589599609e+00,-2.535000801086425781e+00
1.543751597404479980e+00,5.093533992767333984e+00,-2.322041749954223633e+00,4.484961032867431641e+00,-1.978824257850646973e+00
-1.564992070198059082e+00,-5.334696769714355469e+00,2.535246372222900391e+00,-4.618490695953369141e+00,1.607969880104064941e+00
4.877480983734130859e+00,5.632939934730529785e-01,-2.916759490966796875e+00,2.703257560729980469e+00,-2.523460865020751953e+00
1.486002802848815918e+00,4.297049522399902344e+00,-2.223478555679321289e+00,3.930135250091552734e+00,-1.915370941162109375e+00
-1.505188822746276855e+00,-4.462116241455078125e+00,2.146380424499511719e+00,-4.001610279083251953e+00,1.974969029426574707e+00
5.201860904693603516e+00,-3.576092887669801712e-03,-2.828526258468627930e+00,2.984004735946655273e+00,-2.711481571197509766e+00
1.469632148742675781e+00,3.484175205230712891e+00,-1.986241936683654785e+00,3.220351696014404297e+00,-1.695411920547485352e+00
-1.482504248619079590e+00,-3.612536191940307617e+00,1.977829337120056152e+00,-3.241856813430786133e+00,1.455482602119445801e+00
4.803796291351318359e+00,-5.585191845893859863e-01,-2.835024833679199219e+00,2.473728418350219727e+00,-2.393271923065185547e+00
1.671642184257507324e+00,3.080269813537597656e+00,-1.580435633659362793e+00,3.082912206649780273e+00,-1.802596807479858398e+00
-1.682728767395019531e+00,-3.194548845291137695e+00,1.839611887931823730e+00,-3.096493005752563477e+00,1.334084868431091309e+00
4.406016826629638672e+00,-9.159315228462219238e-01,-2.519477605819702148e+00,2.129577398300170898e+00,-2.296788692474365234e+00
1.769275426864624023e+00,2.394180059432983398e+00,-1.418922543525695801e+00,2.866555690765380859e+00,-1.725259065628051758e+00
-1.777445197105407715e+00,-2.496010780334472656e+00,1.641001820564270020e+00,-2.877402544021606445e+00,1.266632556915283203e+00
4.473600864410400391e+00,-8.668476939201354980e-01,-2.462207555770874023e+00,1.877934694290161133e+00,-2.254999399185180664e+00
1.611075043678283691e+00,1.846958994865417480e+00,-1.621657371520996094e+00,2.511925458908081055e+00,-1.157362461090087891e+00
-1.615622758865356445e+00,-1.942442655563354492e+00,1.097189426422119141e+00,-2.520614624023437500e+00,1.409632563591003418e+00
4.361917495727539062e+00,-8.890758752822875977e-01,-2.267661809921264648e+00,7.496809959411621094e-01,-1.866969585418701172e+00
1.248854994773864746e+00,1.425426602363586426e+00,-1.176628112792968750e+00,2.040572643280029297e+00,-1.355307817459106445e+00
-1.249194502830505371e+00,-1.517209172248840332e+00,1.050770044326782227e+00,-2.045576572418212891e+00,1.094049930572509766e+00
4.712717056274414062e+00,-8.074644207954406738e-01,-2.182729005813598633e+00,-3.129028156399726868e-02,-1.763774633407592773e+00
1.323480844497680664e+00,1.007854104042053223e+00,-1.138606429100036621e+00,1.851354598999023438e+00,-1.244595885276794434e+00
-1.322765111923217773e+00,-1.098162889480590820e+00,9.379634857177734375e-01,-1.856599688529968262e+00,1.176649570465087891e+00
3.822002887725830078e+00,-4.626872241497039795e-01,-1.650511503219604492e+00,-6.852350234985351562e-01,-1.338565230369567871e+00
1.266456961631774902e+00,5.996851921081542969e-01,-8.462210297584533691e-01,1.616385459899902344e+00,-1.159290552139282227e+00
-1.264847278594970703e+00,-6.887172460556030273e-01,9.598256945610046387e-01,-1.621013641357421875e+00,9.220592379570007324e-01
4.595375061035156250e+00,2.079402655363082886e-01,-1.827004075050354004e+00,-1.297796130180358887e+00,-1.515702962875366211e+00
1.113571405410766602e+00,2.385373562574386597e-01,-6.744405627250671387e-01,1.189432263374328613e+00,-9.352594614028930664e-01
-1.111003637313842773e+00,-3.267911672592163086e-01,6.845895051956176758e-01,-1.193264126777648926e+00,8.943826556205749512e-01
3.964240312576293945e+00,6.192511320114135742e-01,-1.474095106124877930e+00,-1.569586753845214844e+00,-1.034857630729675293e+00
1.090230226516723633e+00,1.385751366615295410e-01,-7.948095798492431641e-01,9.051845073699951172e-01,-6.623244881629943848e-01
-1.087393760681152344e+00,-2.267687916755676270e-01,6.917994022369384766e-01,-9.083150029182434082e-01,5.062536597251892090e-01
3.924994707107543945e+00,6.302046775817871094e-01,-1.629101872444152832e+00,-1.569313764572143555e+00,-9.211578965187072754e-01
1.390214562416076660e+00,1.018995404243469238e+00,1.227648973464965820e+00,-1.988114714622497559e+00,8.634212017059326172e-01
-1.395274281501770020e+00,-1.108014583587646484e+00,-1.358484625816345215e+00,1.968805313110351562e+00,-7.413133978843688965e-01
3.914237260818481445e+00,6.753257513046264648e-01,-2.618632555007934570e+00,1.095440864562988281e+00,-2.580579519271850586e+00
1.457365036010742188e+00,1.423931360244750977e+00,1.337319135665893555e+00,-2.190630912780761719e+00,6.147672533988952637e-01
-1.463862657546997070e+00,-1.514885544776916504e+00,-1.314131736755371094e+00,2.167169094085693359e+00,-1.048977971076965332e+00
3.887044191360473633e+00,9.168927669525146484e-01,-2.787563562393188477e+00,8.488622903823852539e-01,-2.188248157501220703e+00
1.644458889961242676e+00,1.752025604248046875e+00,1.422527909278869629e+00,-2.654065847396850586e+00,8.939809203147888184e-01
-1.653824806213378906e+00,-1.844909071922302246e+00,-1.641657829284667969e+00,2.609824657440185547e+00,-8.722441196441650391e-01
3.897264242172241211e+00,9.488713741302490234e-01,-3.005017757415771484e+00,1.151987195014953613e+00,-2.251869678497314453e+00
1.736468434333801270e+00,1.985674500465393066e+00,1.446155667304992676e+00,-2.895257949829101562e+00,8.170041441917419434e-01
-1.747484087944030762e+00,-2.080232381820678711e+00,-1.433030605316162109e+00,2.839504957199096680e+00,-1.006046652793884277e+00
3.810286998748779297e+00,1.060447454452514648e+00,-3.157180309295654297e+00,1.228136301040649414e+00,-2.106888294219970703e+00
1.865419268608093262e+00,2.233992576599121094e+00,1.472625017166137695e+00,-2.932595014572143555e+00,9.243285059928894043e-01
-1.878184676170349121e+00,-2.330916404724121094e+00,-1.448026418685913086e+00,2.878162145614624023e+00,-1.195290088653564453e+00
3.557644367218017578e+00,1.088639616966247559e+00,-2.708085775375366211e+00,1.150740146636962891e+00,-2.392431259155273438e+00
2.080948114395141602e+00,2.547676324844360352e+00,1.462768077850341797e+00,-3.097216367721557617e+00,9.698396325111389160e-01
-2.097402095794677734e+00,-2.648482799530029297e+00,-1.574783682823181152e+00,3.021920919418334961e+00,-9.190667867660522461e-01
3.916352272033691406e+00,9.836680889129638672e-01,-2.627282381057739258e+00,1.231582283973693848e+00,-2.504391431808471680e+00
2.339317798614501953e+00,2.805567741394042969e+00,1.372828722000122070e+00,-3.217903137207031250e+00,1.011842727661132812e+00
-2.359981536865234375e+00,-2.910824298858642578e+00,-1.523523807525634766e+00,3.127485275268554688e+00,-1.125554919242858887e+00
3.976374387741088867e+00,1.212408065795898438e+00,-2.725360631942749023e+00,1.254340767860412598e+00,-2.305506944656372070e+00
2.721770763397216797e+00,3.384454965591430664e+00,9.791039824485778809e-01,-3.761651515960693359e+00,1.142851829528808594e+00
-2.751160383224487305e+00,-3.499568223953247070e+00,-1.277673244476318359e+00,3.632028341293334961e+00,-1.024481415748596191e+00
4.014179229736328125e+00,1.345095634460449219e+00,-2.984316587448120117e+00,1.369719982147216797e+00,-2.266643047332763672e+00
2.871967792510986328e+00,3.768422126770019531e+00,9.482059478759765625e-01,-4.229023456573486328e+00,5.623722076416015625e-01
-2.908775329589843750e+00,-3.891305208206176758e+00,-8.610935807228088379e-01,4.066571235656738281e+00,-8.312465548515319824e-01
4.155117034912109375e+00,1.407421469688415527e+00,-2.833318710327148438e+00,1.437587022781372070e+00,-2.606915473937988281e+00
2.801640510559082031e+00,3.452885389328002930e+00,1.710467040538787842e-01,-3.732191085815429688e+00,6.733304262161254883e-01
-2.831774950027465820e+00,-3.567397356033325195e+00,-2.414112240076065063e-01,3.600745439529418945e+00,-6.214257478713989258e-01
4.299499511718750000e+00,1.677191376686096191e+00,-3.013933658599853516e+00,1.437567472457885742e+00,-2.582694768905639648e+00
2.559982538223266602e+00,2.982709407806396484e+00,-1.788905709981918335e-01,-2.587445497512817383e+00,-1.490111351013183594e-01
-2.581588983535766602e+00,-3.089217424392700195e+00,1.733314543962478638e-01,2.544530868530273438e+00,-2.327951639890670776e-01
3.984818935394287109e+00,1.470734834671020508e+00,-3.133925199508666992e+00,1.690327286720275879e+00,-2.209297657012939453e+00
2.205936431884765625e+00,2.512040138244628906e+00,-6.511950492858886719e-02,-2.187598705291748047e+00,-1.283150166273117065e-01
-2.219925880432128906e+00,-2.611417770385742188e+00,-2.758807502686977386e-02,2.162102699279785156e+00,-6.193482875823974609e-02
3.791157960891723633e+00,7.402339577674865723e-01,-2.411557197570800781e+00,1.044814825057983398e+00,-2.457162618637084961e+00
2.081892251968383789e+00,2.242024660110473633e+00,-3.396660685539245605e-01,-1.694157600402832031e+00,-4.029351770877838135e-01
-2.092175006866455078e+00,-2.339389801025390625e+00,3.385785222053527832e-01,1.681305408477783203e+00,1.547315623611211777e-02
3.638852357864379883e+00,-5.154205486178398132e-02,-2.281409502029418945e+00,6.028342247009277344e-01,-2.164093732833862305e+00
1.891095399856567383e+00,1.927250504493713379e+00,-1.612149029970169067e-01,-1.311246156692504883e+00,-3.821190297603607178e-01
-1.897433280944824219e+00,-2.021596193313598633e+00,4.434070289134979248e-01,1.303384542465209961e+00,1.888918504118919373e-02
3.594499111175537109e+00,-6.769930571317672729e-02,-2.189685106277465820e+00,-1.828035861253738403e-01,-1.759983777999877930e+00
1.731045246124267578e+00,1.629546880722045898e+00,-1.401452869176864624e-01,-1.188320755958557129e+00,-4.542561471462249756e-01
-1.734924793243408203e+00,-1.721979141235351562e+00,2.598437964916229248e-01,1.182383894920349121e+00,3.581861555576324463e-01
3.793661594390869141e+00,-2.140350937843322754e-01,-2.270392656326293945e+00,-2.545927464962005615e-01,-1.722770333290100098e+00
1.706740975379943848e+00,1.296117544174194336e+00,-4.312096238136291504e-01,-8.573486208915710449e-01,-5.148838758468627930e-01
-1.708283543586730957e+00,-1.386728882789611816e+00,2.748970389366149902e-01,8.536101579666137695e-01,2.359307110309600830e-01
3.479932785034179688e+00,4.722253978252410889e-02,-1.880979061126708984e+00,-5.994601845741271973e-01,-2.121074676513671875e+00
1.521475195884704590e+00,9.934769272804260254e-01,-1.952336728572845459e-01,-6.600376367568969727e-01,-7.541845440864562988e-01
-1.520920276641845703e+00,-1.082810997962951660e+00,-1.375869475305080414e-02,6.578196883201599121e-01,6.536273360252380371e-01
2.251944303512573242e+00,3.222881555557250977e-01,-1.796728372573852539e+00,-9.867585301399230957e-01,-1.328184247016906738e+00
1.402298331260681152e+00,7.589359879493713379e-01,-4.034595191478729248e-01,-5.481380224227905273e-01,-6.486594676971435547e-01
-1.399874448776245117e+00,-8.476327061653137207e-01,4.421167969703674316e-01,5.469013452529907227e-01,2.236461788415908813e-01
2.906328201293945312e+00,6.377062797546386719e-01,-1.914442420005798340e+00,-1.568458557128906250e+00,-1.388040065765380859e+00
1.359873533248901367e+00,4.704768955707550049e-01,-3.989684581756591797e-01,-5.096638202667236328e-01,-5.955017805099487305e-01
-1.356942057609558105e+00,-5.589311718940734863e-01,1.419551204890012741e-02,5.086489915847778320e-01,6.436887383460998535e-01
2.055118799209594727e+00,7.861438393592834473e-01,-1.380083441734313965e+00,-1.574631333351135254e+00,-1.425103783607482910e+00
1.359510779380798340e+00,3.675278127193450928e-01,-1.850082874298095703e-01,-5.304770469665527344e-01,-8.200850486755371094e-01
-1.356738567352294922e+00,-4.558378159999847412e-01,4.694277942180633545e-01,5.295395255088806152e-01,3.808189630508422852e-01
1.983840465545654297e+00,9.031583666801452637e-01,-1.492210626602172852e+00,-1.752891898155212402e+00,-1.157530665397644043e+00
7.152526855468750000e+00,1.875129640102386475e-01,-1.083291411399841309e+00,-1.133025288581848145e+00,-1.768375515937805176e+00
-7.383584976196289062e+00,-3.236493170261383057e-01,8.114171624183654785e-01,1.137358784675598145e+00,1.772082328796386719e+00
2.895216464996337891e+00,1.163945317268371582e+00,-2.478217601776123047e+00,5.099316835403442383e-01,-2.303236484527587891e+00
7.156752109527587891e+00,3.390667736530303955e-01,-9.459983706474304199e-01,-1.672770977020263672e+00,-1.502999067306518555e+00
-7.404443740844726562e+00,-4.782439470291137695e-01,9.721212983131408691e-01,1.672678470611572266e+00,1.285392522811889648e+00
3.256903886795043945e+00,1.419017076492309570e+00,-2.817627668380737305e+00,9.176434278488159180e-01,-2.258011341094970703e+00
7.166932106018066406e+00,3.437741398811340332e-01,-1.077054738998413086e+00,-1.983882308006286621e+00,-1.240356564521789551e+00
-7.435188293457031250e+00,-4.843542277812957764e-01,8.334935307502746582e-01,1.978732109069824219e+00,1.278241872787475586e+00
3.388074636459350586e+00,1.877717733383178711e+00,-2.804188013076782227e+00,5.087923407554626465e-01,-2.424652576446533203e+00
7.295008182525634766e+00,2.302773743867874146e-01,-6.096489429473876953e-01,-2.267365455627441406e+00,-1.484774112701416016e+00
-7.627227306365966797e+00,-3.699978291988372803e-01,8.415465354919433594e-01,2.253939867019653320e+00,1.373085260391235352e+00
3.463123083114624023e+00,2.343916654586791992e+00,-2.491729974746704102e+00,4.012408554553985596e-01,-2.832049846649169922e+00
7.542749404907226562e+00,1.069833263754844666e-01,-5.245602130889892578e-01,-2.704124927520751953e+00,-1.533071517944335938e+00
-8.006472587585449219e+00,-2.428461313247680664e-01,6.250025629997253418e-01,2.672828435897827148e+00,1.387295246124267578e+00
3.365679025650024414e+00,2.439017057418823242e+00,-2.544758319854736328e+00,2.289842665195465088e-01,-2.444190740585327148e+00
7.824660778045654297e+00,-2.397486418485641479e-01,-9.206911921501159668e-01,-3.249471187591552734e+00,-9.232318401336669922e-01
-8.354281425476074219e+00,1.097328215837478638e-01,9.936591982841491699e-01,3.178069829940795898e+00,7.912418246269226074e-01
3.417465925216674805e+00,3.005853652954101562e+00,-2.618647813796997070e+00,-2.343751192092895508e-01,-2.711545228958129883e+00
8.792233467102050781e+00,-5.440464019775390625e-01,-7.419725060462951660e-01,-3.841535091400146484e+00,-1.175321817398071289e+00
-9.658792495727539062e+00,4.159349501132965088e-01,1.190551280975341797e+00,3.710359096527099609e+00,1.062564373016357422e+00
3.294770479202270508e+00,4.012081146240234375e+00,-2.791915178298950195e+00,-8.097683787345886230e-01,-2.574516296386718750e+00
8.834483146667480469e+00,-7.363557219505310059e-01,-9.102405905723571777e-01,-4.146896839141845703e+00,-9.582375288009643555e-01
-9.873268127441406250e+00,6.085605025291442871e-01,1.404657483100891113e+00,3.935542821884155273e+00,1.295180559158325195e+00
3.471400499343872070e+00,3.682868003845214844e+00,-2.755328416824340820e+00,-5.149331688880920410e-01,-2.551496744155883789e+00
8.827895164489746094e+00,-8.634105920791625977e-01,-1.643038630485534668e+00,-4.107118129730224609e+00,-1.039609432220458984e+00
-9.666660308837890625e+00,7.348574399948120117e-01,1.743791699409484863e+00,3.873619318008422852e+00,1.338776350021362305e+00
3.819962024688720703e+00,3.470886230468750000e+00,-3.051495075225830078e+00,-1.640196889638900757e-01,-2.479193210601806641e+00
8.740462303161621094e+00,-1.107825160026550293e+00,-2.161886453628540039e+00,-3.690968990325927734e+00,-1.307537198066711426e+00
-9.407691955566406250e+00,9.792243242263793945e-01,1.844581842422485352e+00,3.491562843322753906e+00,1.915744185447692871e+00
4.093974590301513672e+00,3.855777978897094727e+00,-2.986823320388793945e+00,-1.639721691608428955e-01,-2.331606388092041016e+00
8.633465766906738281e+00,-1.069690227508544922e+00,-1.813059926033020020e+00,-3.767122268676757812e+00,-2.025265216827392578e+00
-9.330243110656738281e+00,9.416930675506591797e-01,2.086261510848999023e+00,3.557302951812744141e+00,2.092718124389648438e+00
4.159815311431884766e+00,3.141802549362182617e+00,-3.074873685836791992e+00,4.468234479427337646e-01,-2.463433504104614258e+00
8.223728179931640625e+00,-9.832609295845031738e-01,-2.074498176574707031e+00,-2.674243688583374023e+00,-2.101038217544555664e+00
-8.980922698974609375e+00,8.577674031257629395e-01,2.114492177963256836e+00,2.592921972274780273e+00,2.410713911056518555e+00
3.862791776657104492e+00,2.684909582138061523e+00,-2.980603933334350586e+00,4.481752812862396240e-01,-2.355079412460327148e+00
7.922194957733154297e+00,-1.024137854576110840e+00,-2.335440158843994141e+00,-1.981200456619262695e+00,-2.096678733825683594e+00
-8.683613777160644531e+00,8.984156847000122070e-01,2.543817758560180664e+00,1.957586884498596191e+00,2.135580301284790039e+00
3.423763751983642578e+00,2.236281633377075195e+00,-3.041470527648925781e+00,4.845053255558013916e-01,-2.105785608291625977e+00
7.685932636260986328e+00,-1.027223110198974609e+00,-2.163071393966674805e+00,-1.499732732772827148e+00,-2.505897998809814453e+00
-8.432574272155761719e+00,9.018967747688293457e-01,2.441543102264404297e+00,1.492901563644409180e+00,2.419673204421997070e+00
2.993658781051635742e+00,2.076942443847656250e+00,-2.734722137451171875e+00,3.911884427070617676e-01,-2.322121620178222656e+00
7.592279434204101562e+00,-1.198707103729248047e+00,-2.575906991958618164e+00,-1.127122998237609863e+00,-2.336175680160522461e+00
-8.207443237304687500e+00,1.073467135429382324e+00,2.481622219085693359e+00,1.126226067543029785e+00,2.438287019729614258e+00
2.822767257690429688e+00,1.763888955116271973e+00,-2.881296396255493164e+00,2.864743769168853760e-01,-2.184832811355590820e+00
7.400623321533203125e+00,-1.215298891067504883e+00,-2.284064769744873047e+00,-7.490535378456115723e-01,-2.622640371322631836e+00
-7.926287651062011719e+00,1.090819001197814941e+00,2.561672925949096680e+00,7.502192854881286621e-01,2.507288694381713867e+00
2.396993398666381836e+00,1.451022982597351074e+00,-2.407684087753295898e+00,5.245812982320785522e-02,-2.403647899627685547e+00
7.346325874328613281e+00,-1.047886610031127930e+00,-2.334291696548461914e+00,-4.037341475486755371e-01,-2.621955156326293945e+00
-7.751905918121337891e+00,9.240834712982177734e-01,2.758093357086181641e+00,4.066700935363769531e-01,2.342074394226074219e+00
2.086202621459960938e+00,9.036320447921752930e-01,-2.382075548171997070e+00,3.126929700374603271e-01,-2.289952039718627930e+00
7.428225517272949219e+00,-8.560782074928283691e-01,-2.615592479705810547e+00,1.092514302581548691e-02,-2.707961082458496094e+00
-7.847459793090820312e+00,7.310350537300109863e-01,2.971052408218383789e+00,-6.920837331563234329e-03,2.414855241775512695e+00
2.498178005218505859e+00,1.279444575309753418e+00,-2.628241062164306641e+00,3.351479768753051758e-01,-2.292856693267822266e+00
7.466934204101562500e+00,-6.029632091522216797e-01,-2.929502487182617188e+00,4.701479673385620117e-01,-2.683145761489868164e+00
-7.780806064605712891e+00,4.736111164093017578e-01,2.741453170776367188e+00,-4.648101329803466797e-01,2.668648958206176758e+00
2.520371198654174805e+00,1.643763303756713867e+00,-2.907000064849853516e+00,2.623257637023925781e-01,-2.179936885833740234e+00
7.478749752044677734e+00,-6.429970860481262207e-01,-2.669533252716064453e+00,9.369016289710998535e-01,-2.979346036911010742e+00
-7.706802368164062500e+00,5.122172236442565918e-01,2.720748424530029297e+00,-9.304234981536865234e-01,2.999001026153564453e+00
2.407880306243896484e+00,1.602503180503845215e+00,-3.032798290252685547e+00,2.853051126003265381e-01,-2.233255624771118164e+00
